A_A;SITE;KIND;D_D;DEPARTMENT;X_COORD_1;Y_COORD_1;WATER;FUEL;ELECTRICIT;TELEPHONE;INTERNET;RECEPTION;FIX;SHOPS;SERVICES;MEDICAL;AUTHORITY_;ASPECT;LON;LAT;CONNENTION;DISTANCE;WIND;VOLUME;PERCENTAGE;WAVES;EXTERNAL_;INTERNAL;DOCK;SURFACE;DEPTH;OPENING;MANOUVRE;CAPACITY;DIMS;HEIGHT
1135;GRECOTEL HOTEL;Ξενοδοχειακή λιμενική εγκατάσταση;Αγίου Νικολάου;Λασιθίου;657428,44;3901891,61;1;1;1;1;1;1;0;1;0;0;Λιμεναρχείο Αγ. Νικολάου 28410 90108 Grecotel Hotel 28410 41824;ΒΟΡΕΙΑ;25,72;35,26;ΕΠΑΡΧΙΑΚΗ ΟΔΟΣ ΕΛΟΥΝΤΑ-ΑΓ.ΝΙΚΟΛΑΟΣ, ΜΕΣΩ ΤΗΣ ΟΠΟΙΑΣ ΣΥΝΔΕΕΤΑΙ ΜΕ Β.Ο.Α.Κ;ΑΠO ΑΓΙΟ ΝΙΚΟΛΑΟ 10.5;ΒΔ;9;29.2;0; ; ; ;0; ;0;0;0; ; 
1132;NANA HOTEL;Ξενοδοχειακή λιμενική εγκατάσταση;Χερσονήσου;Ηρακλείου;629016,54;3907565,16;1;1;1;1;1;0;0;1;0;0;Λιμεναρχείο Ηρακλείου 2810 244956 / 2897 24935;ΒΟΡΕΙΑ;25,41;3,53;ΒΟΡΕΙΟΣ ΟΔΙΚΟΣ ΑΞΟΝΑΣ ΚΡΗΤΗΣ;ΑΠO ΗΡΑΚΛΕΙΟ 28;ΒΑ;0;0;0; ; ; ;0; ;0;0;0; ; 
1092;Αγία Βαρβάρα;Αγκυροβόλιο;Νεάπολης;Λασιθίου;636072,1;3907077,47;0;0;0;0;0;0;0;0;0;0;Λιμεναρχείο Αγ Νικολάου 28410 90108;ΒΟΡΕΙΑ;25,49;35,29;ΒΟΡΕΙΟΣ ΟΔΙΚΟΣ ΑΞΟΝΑΣ ΚΡΗΤΗΣ ΣΥΝΔΕΣΗ ΜΕ ΕΠΑΡΧΙΑΚΗ ΟΔΟ ΣΙΣΙ ΜΙΛΑΤΟΣ;ΑΠΟ ΑΓ.ΝΙΚΟΛΑΟ 27;ΒΔ;9;0.29;6.4; ; ; ;0; ;0;0;0; ; 
1042;Αγία Γαλήνη;Μαρίνα;Λάμπης;Ρεθύμνου;562738,03;3883512,34;1;1;1;1;1;1;1;1;1;1;Υπολιμεναρχείο Αγίας Γαλήνης 28320 91206/VHF 12;ΝΟΤΙΑ;24,68;35,09;ΕΠΑΡΧΙΑΚΗ ΟΔΟΣ ΑΓΙΑ ΓΑΛΗΝΗ-ΣΠΗΛΙ-ΡΕΘΥΜΝΟ;ΑΠΟ ΡΕΘΥΜΝΟ 75;Β;9;31.75;0;ΜΩΛΟΙ: ΠΡOΣΗΝΕΜΟΣ 370, ΥΠΗΝΕΜΟΣ 80;ΚΡΗΠΙΔΩΜΑΤΑ ΜΗΚΟΥΣ 520, ΧΡΗΣΙΜΟΥ ΒΑΘΟΥΣ -3,5;ΠΛΩΤΟΙ: 1 ΜΗΚΟΥΣ 50;24000;-3,5;50;40;112;10~20;-3
1125;Αγία Κυριακή;Αλιευτικό Καταφύγιο και μικρό Λιμενικό Έργο;Χανίων;Χανίων;504060,51;3930781,31;1;1;0;0;0;0;0;0;0;0;Λιμεναρχείο Χανίων 2821098888, VHF12-18;ΒΟΡΕΙΑ;24,04;35,52;ΒΟΡΕΙΟΣ ΟΔΙΚΟΣ ΑΞΟΝΑΣ ΚΡΗΤΗΣ;0;Β;8;17.22;5.8; ;ΚΡΗΠΙΔΩΜΑΤΑ συνολικου ΜΗΚΟΣ 100Μ, ΧΡΗΣΙΜΟ ΒΑΘΟΣ-1,5 -2.00; ;0; ;0;0;0; ; 
1110;Αγία Κυριακή Κούντουρα;Αλιευτικό Καταφύγιο και μικρό Λιμενικό Έργο;Πελεκάνου;Χανίων;464656,79;3898611,75;1;1;1;1;0;0;0;1;0;1;Λιμενικός Σταθμός Παλαιόχωρας 28230 41214;ΔΥΤΙΚΑ;23,61;35,22;ΟΔΟΣ ΠΑΛΑΙΟΧΩΡΑΣ-ΜΑΛΕΜΕ-ΧΑΝΙΑ;ΑΠΟ ΠΑΛΑΙΟΧΩΡΑ 6.5;Β;9;48.38;6.2; ; ; ;0; ;0;0;0; ; 
1083;Αγία Πελαγία;Αγκυροβόλιο;Γαζίου;Ηρακλείου;592451,99;3918360,18;1;1;1;1;1;0;0;1;0;0;Λιμεναρχείο Ηρακλείου 2810 244956;ΒΟΡΕΙΑ;25,01;35,4;ΒΟΡΕΙΟΣ ΟΔΙΚΟΣ ΑΞΟΝΑΣ ΚΡΗΤΗΣ;ΑΠΟ ΗΡΑΚΛΕΙΟ 21;ΒΔ;9;28.56;5.2; ; ; ;0;-0~-10;560;0;0; ; 
1051;Αγία Ρουμέλη;Καταφύγιο μικτής χρήσης;Σφακίων;Χανίων;495502,99;3898133,42;1;0;1;1;0;0;0;1;0;0;Υπολιμεναρχείο Χώρας Σφακίων 28250 91292;ΝΟΤΙΑ;23,95;35,22;ΕΠΑΡΧΙΑΚΟ ΟΔΙΚΟ ΔΙΚΤΥΟ;ΑΠΟ ΧΑΝΙΑ 90;Β;9;48.38;6.2; ; ;1 ΚΡΗΠΙΔΩΜΑ ΜΗΚΟΥΣ 30, ΒΑΘΟΥΣ 0~2,00;0; ;0;0;0; ; 
1106;Αγία Φωτιά;Αγκυροβόλιο;Σητείας;Λασιθίου;695741,35;3896706,54;0;0;0;0;0;0;0;0;0;0;Υπολιμεναρχείο Σητείας 28430 22310;ΒΟΡΕΙΑ;26,15;35,19;ΟΔΟΣ ΣΗΤΕΙΑ-ΒΑΪ;ΑΠΟ ΣΗΤΕΙΑ 4.5;ΒΔ;8;0.47;2.4; ; ; ;0; ;0;0;0; ; 
1128;Αγίος Γεώργιος;Αγκυροβόλιο;Γουβών;Ηρακλείου;608172,24;3922236,64;0;0;0;0;0;0;0;0;0;0;Λιμεναρχείο Ηρακλείου 2810 244956;ΒΟΡΕΙΑ;25,19;35,43; ;7 Ν.Μ;ΒΔ;9;28.56;3.8; ; ; ;0;-55;900;0;0; ; 
1142;’γιος Ισίδωρος;Αγκυροβόλιο;Ιτάνου;Λασιθίου;710063,63;3909978,72;1;0;0;0;0;0;0;0;0;0;Υπολιμεναρχείο Σητείας 28430 22310;ΒΟΡΕΙΑ;26,15;35,19;ΒΟΡΕΙΟΣ ΟΔΙΚΟΣ ΑΞΟΝΑΣ ΚΡΗΤΗΣ ΚΑΙ ΕΠΑΡΧΙΑΚΟ ΟΔΙΚΟ ΔΙΚΤΥΟ;ΑΠΟ ΣΗΤΕΙΑ 28;ΒΔ;8;0.47;5.2; ; ; ;0; ;0;0;0; ; 
1139;’γιος Ιωάννης;Αγκυροβόλιο;Σητείας;Λασιθίου;681684,26;3897315,99;0;0;0;0;0;0;0;0;0;0;Υπολιμεναρχείο Σητείας 28430 22310;ΒΟΡΕΙΑ;25,91;35,17;ΒΟΡΕΙΟΣ ΟΔΙΚΟΣ ΑΞΟΝΑΣ ΚΡΗΤΗΣ;ΑΠO ΣΗΤΕΙΑ 25;ΒΔ;8;0.47;5.2; ; ; ;0; ;0;0;0; ; 
1002;’γιος Νικόλαος;Μαρίνα;Αγίου Νικολάου;Λασιθίου;656282,79;3894749,27;1;1;1;1;1;1;1;1;1;1;Μαρίνα 28410 82384-5;ΒΟΡΕΙΑ;25,71;35,18;ΒΟΡΕΙΟΣ ΟΔΙΚΟΣ ΑΞΟΝΑΣ ΚΡΗΤΗΣ;0;ΒΔ;9;0.28;4;ΜΩΛΟΙ: ΠΡΟΣΗΝΕΜΟΣ 520Μ. ΥΠΗΝΕΜΟΣ 90Μ;ΚΡΗΠΙΔΩΜΑΤΑ ΜΗΚΟΥΣ 750Μ. ΧΡΗΣΙΜΟ ΒΑΘΟΣ -4;5 ΔΙΑΣΤΑΣΕΩΝ 2Χ80+2Χ70+40=340Μ;35100;-4Μ;30;40;256;10~24;-4
1116;’γιος Νικόλαος ERI HOTEL;Ξενοδοχειακή λιμενική εγκατάσταση;Χερσονήσου;Ηρακλείου;627584,94;3907933,59;1;1;1;1;1;0;0;0;0;0;Λιμεναρχείο Ηρακλείου 2810 244956;ΒΟΡΕΙΑ;25,4;35,3;ΒΟΡΕΙΟΣ ΟΔΙΚΟΣ ΑΞΟΝΑΣ ΚΡΗΤΗΣ;ΑΠΟ ΗΡΑΚΛΕΙΟ 23;ΒΔ;8;30.13;4.8; ; ; ;0; ;0;0;0; ; 
1003;’γιος Ονούφριος;Αλιευτικό Καταφύγιο και μικρό Λιμενικό Έργο;Ακρωτηρίου;Χανίων;505367,5;3933651,06;1;1;0;0;0;0;0;0;0;0;Λιμεναρχείο Χανίων 28210 98888;ΒΟΡΕΙΑ;24,05;35,54;ΕΠΑΡΧΙΑΚΟ ΟΔΙΚΟ ΔΙΚΤΥΟ;ΑΠΌ ΧΑΝΙΑ 7;ΒΔ;0;0;0; ;ΚΡΗΠΙΔΩΜΑΤΑ ΜΗΚΟΥΣ 150Μ. ΧΡΗΣΙΜΟ ΒΑΘΟΣ -1,50 ~ -2,00; ;7000; ;0;0;25;8; 
1043;’γιος Παύλος;Αγκυροβόλιο;Λάμπης;Ρεθύμνου;551245,23;3884139,22;1;1;1;0;0;0;0;0;0;0;Υπολιμεναρχείο Αγίας Γαλήνης 28320 91206/VHF 12;ΝΟΤΙΑ;24,56;35,09;ΣΥΝΔΕΤΗΡΙΑ ΟΔΟΣ ΑΓ.ΠΑΥΛΟΣ-ΣΑΧΤΟΥΡΙΑ-ΕΘΝΙΚΗ ΟΔΟΣ ΑΓΙΑ ΓΑΛΗΝΗ-ΡΕΘΥΜΝΟ;ΑΠΟ ΡΕΘΥΜΝΟ 60;Β;9;31,74;6.2; ; ; ;0; ;0;0;0; ; 
1119;’γιος Σώστης;Αγκυροβόλιο;Κισσάμου;Χανίων;463915,3;3938508,36;0;0;0;0;0;0;0;0;0;0;Λιμεναρχείο Χανίων 2821098888, VHF12-18;ΒΟΡΕΙΑ;23,6;35,58;ΕΠΑΡΧΙΑΚΟ ΟΔΙΚΟ ΔΙΚΤΥΟ ΚΑΙ Β.Ο.Α.Κ.;ΑΠΌ ΧΑΝΙΑ 70;ΒA;0;0;0; ; ; ;0; ;0;0;0; ; 
1130;Αγρηλιά;Αγκυροβόλιο;Γουβών;Ηρακλείου;611714,99;3921206,21;0;0;0;0;0;0;0;0;0;0;Λιμεναρχείο Ηρακλείου 2810 244956;ΒΟΡΕΙΑ;25,23;3,54; ;7 Ν.Μ;ΒΔ;9;28.56;3.8; ; ; ;0;-55;900;0;0; ; 
1144;Αθερινόλακκος;Αλιευτικό Καταφύγιο και μικρό Λιμενικό Έργο;Λεύκης;Λασιθίου;695450,05;3875535,41;1;1;1;1;1;0;0;0;0;0;Υπολιμεναρχείο Ιεράπετρας 28420 22294 VHF 12-32;ΝΟΤΙΑ;26,2;35,02;ΙΕΡΑΠΕΤΡΑ-ΠΑΧΕΙΑ ΑΜΜΟΣ-ΑΓ.ΝΙΚΟΛΑΟΣ;ΑΠΟ ΙΕΡΑΠΕΤΡΑ 40;Β;9;0.31;6.1; ; ; ;0; ;0;0;0; ; 
1074;Αλμυρίδα;Τουριστικό καταφύγιο;Βάμου;Χανίων;518179,74;3922697,11;1;1;1;1;0;0;0;1;0;0;Λιμενικος Σταθμός Σούδας 28210 89240 VHF 12-18;ΒΟΡΕΙΑ;24,2;35,44;ΕΘΝΙΚΗ ΟΔΟΣ ΧΑΝΙΩΝ-ΗΡΑΚΛΕΙΟΥ, ΔΗΜΟΤΙΚΟΙ ΟΔΟΙ;ΑΠΟ ΧΑΝΙΑ 20;Δ;9;16,76;4.2;ΜΩΛΟΙ: ΠΡΟΣΗΝΕΜΟΣ 115, ΥΠΗΝΕΜΟΣ 45;ΚΡΗΠΙΔΩΜΑΤΑ ΜΗΚΟΥΣ 75, ΧΡΗΣΙΜΟΥ ΒΑΘΟΥΣ -2,51; ;2300;3;30;25;20;6~12;:-1,50 ~ -2,00
1080;Αλμυρίδα;Αλιευτικό Καταφύγιο και μικρό Λιμενικό Έργο;Γεροποτάμου;Ρεθύμνου;578895,11;3918552,67;1;0;1;0;0;0;0;0;0;0;Λιμεναρχείο Ρεθύμνου 28310 22276, 28310 55150 VHF 12-32;ΒΟΡΕΙΑ;24,86;35,4;ΒΟΡΕΙΟΣ ΟΔΙΚΟΣ ΑΞΟΝΑΣ ΚΡΗΤΗΣ;ΑΠΟ ΡΕΘΥΜΝΟ 42;ΒΔ;8;30.14;5.2; ; ; ;0; ;0;0;0; ; 
1098;Αμμούδι;Αγκυροβόλιο;Αγίου Νικολάου;Λασιθίου;656092,64;3896456,6;1;1;1;0;0;0;0;1;0;0;Λιμεναρχείο Αγ Νικολάου 28410 90108;ΒΟΡΕΙΑ;25,71;3,51;ΕΘΝΙΚΗ ΟΔΟΣ ΑΓ.ΝΙΚΟΛΑΟΥ-ΣΗΤΕΙΑΣ και Β.Ο.Α.Κ;ΑΠΟ ΑΓ.ΝΙΚΟΛΑΟ 5;ΒΔ;9;0.29;4.08; ; ; ;0; ;0;0;0; ; 
1024;’μπελος;Αγκυροβόλιο;Λεύκης;Λασιθίου;702981,8;3878714,89;0;0;0;0;0;0;0;0;0;0;Υπολιμεναρχείο Σητείας 28430 22310;ΑΝΑΤΟΛΙΚΑ;26,22;35,03;ΣΥΝΔΕΤΗΡΙΑ ΟΔΟΣ  ΞΕΡΟΚΑΜΠΟΣ-ΖΗΡΟΣ-ΧΑΝΔΡΑΣ,ΕΘΝΙΚΗ ΟΔΟΣ ΣΗΤΕΙΑ-ΜΑΚΡΥ ΓΥΑΛΟΣ;ΑΠΟ ΑΓ.ΝΙΚΟΛΑΟ 118. ΑΠΟΣΤΑΣΗ ΑΠΌ ΣΗΤΕΙΑ 45;Β;9;0.31;6.1; ; ; ;0; ;0;0;0; ; 
1108;Αμυγδαλοκεφάλι;Αλιευτικό Καταφύγιο και μικρό Λιμενικό Έργο;Ινναχωρίου;Χανίων;457323,14;3913331,06;1;1;1;1;0;0;0;0;0;0;Λιμενικός Σταθμός Παλαιόχωρας 28230 41214;ΔΥΤΙΚΑ;23,53;35,36;ΕΠΑΡΧΙΑΚΟ ΟΔΙΚΟ ΔΙΚΤΥΟ ΠΟΥ ΣΥΝΔΕΕΤΑΙ ΜΕ Β.Ο.Α.Κ.;ΑΠΟ ΧΑΝΙΑ 70;Β;8;48.38;6.2; ; ; ;0; ;0;0;0; ; 
1105;Αναλούκας;Αγκυροβόλιο;Σητείας;Λασιθίου;698754,47;3898665,45;0;0;0;0;0;0;0;0;0;0;Υπολιμεναρχείο Σητείας 28430 22310;ΒΟΡΕΙΑ;26,18;35,21;ΟΔΟΣ ΣΗΤΕΙΑ-ΒΑΪ;ΑΠΟ ΣΗΤΕΙΑ 8;ΒΔ;8;0.47;2.4; ; ; ;0; ;0;0;0; ; 
1087;Ανισαράς;Αλιευτικό Καταφύγιο και μικρό Λιμενικό Έργο;Γουβών;Ηρακλείου;623553,99;3911141,03;1;1;0;0;0;0;0;0;0;0;Λιμεναρχείο Ηρακλείου 2810 244956;ΒΟΡΕΙΑ;25,35;35,33;ΒΟΡΕΙΟΣ ΟΔΙΚΟΣ ΑΞΟΝΑΣ ΚΡΗΤΗΣ ΚΑΙ ΕΘΝΙΚΗ ΟΔΟΣ ΧΕΡΣΟΝΗΣΟΥ - ΚΑΣΤΕΛΙΟΥ;ΑΠΟ ΗΡΑΚΛΕΙΟ 20;ΒΔ;8;30,13;5.2; ; ; ;0; ;0;0;0; ; 
1140;Αντικιάρι;Αγκυροβόλιο;Ιτάνου;Λασιθίου;702100,63;3903203,2;0;0;0;0;0;0;0;0;0;0;Υπολιμεναρχείο Σητείας 28430 22310;ΒΟΡΕΙΑ;26,15;35,19;ΒΟΡΕΙΟΣ ΟΔΙΚΟΣ ΑΞΟΝΑΣ ΚΡΗΤΗΣ ΚΑΙ ΕΠΑΡΧΙΑΚΟ ΟΔΙΚΟ ΔΙΚΤΥΟ;ΑΠΟ ΣΗΤΕΙΑ 15;ΒΔ;8;0.47;5.2; ; ; ;0; ;0;0;0; ; 
1031;’ρβη;Καταφύγιο μικτής χρήσης;Βιάννου;Ηρακλείου;632607,54;3872757,5;1;1;1;1;1;0;1;1;0;1;Υπολιμεναρχείο Ιεράπετρας 28420 22294 VHF 12-32;ΝΟΤΙΑ;2,54;34,98;ΕΠΑΡΧΙΑΚΗ ΟΔΟΣ ΒΙΑΝΝΟΥ-ΙΕΡΑΠΕΤΡΑΣ;ΑΠΟ ΙΕΡΑΠΕΤΡΑ 26;Β;9;0,31;6.1; ; ; ;0; ;0;0;0; ; 
1113;Αφροδίτη HOTEL;Ξενοδοχειακή λιμενική εγκατάσταση;Γουβών;Ηρακλείου;618484,7;3910936,4;1;1;1;1;1;1;0;1;0;0;Λιμεναρχείο Ηρακλείου 2810 244956, Hotel Αφροδίτη 28970 41102;ΒΟΡΕΙΑ;25,3;35,33;ΒΟΡΕΙΟΣ ΟΔΙΚΟΣ ΑΞΟΝΑΣ ΚΡΗΤΗΣ ΚΑΙ ΠΑΛΑΙΑ ΕΘΝΙΚΗ ΟΔΟΣ;ΑΠΟ ΗΡΑΚΛΕΙΟ 15;ΒΔ;9;29,2;4.8; ; ; ;0; ;0;0;0; ; 
1039;Βαθύ;Αγκυροβόλιο;Μοιρών;Ηρακλείου;568595,28;3867461,82;0;0;0;0;0;0;0;0;0;0;Λιμενικός Σταθμός Καλών Λιμένων 28920 97500;ΝΟΤΙΑ;24,75;34,94;ΣΥΝΔΕΤΗΡΙΟΣ ΟΔΟΣ ΚΑΛΟΙ ΛΙΜΕΝΕΣ-ΜΟΙΡΕΣ-ΕΘΝΙΚΗ ΟΔΟΣ ΜΟΙΡΩΝ-ΗΡΑΚΛΕΙΟΥ;ΑΠΟ ΗΡΑΚΛΕΙΟ 80;Β;10;31.75;6.2; ; ; ;0; ;0;0;0; ; 
1138;Βαθύ;Αγκυροβόλιο;Αγίου Νικολάου;Λασιθίου;657110,73;3890849,97;0;0;0;0;0;0;0;0;0;0;Λιμεναρχείο Αγ Νικολάου 28410 90108;ΒΟΡΕΙΑ;25,71;3,51;ΒΟΡΕΙΟΣ ΟΔΙΚΟΣ ΑΞΟΝΑΣ ΚΡΗΤΗΣ;ΑΠO ΑΓΙΟ ΝΙΚΟΛΑΟ 5;ΒΔ;9;0.29;4.08; ; ; ;0; ;0;0;0; ; 
1020;Βάι;Αγκυροβόλιο;Ιτάνου;Λασιθίου;705962,78;3903260,56;1;0;0;0;0;0;0;0;0;0;Υπολιμεναρχείο Σητείας 28430 22310;ΑΝΑΤΟΛΙΚΑ;26,26;35,25;ΕΠΑΡΧΙΑΚΗ ΟΔΟΣ ΒΑΪ-ΠΑΛΑΙΟΚΑΣΤΡΟ-ΣΗΤΕΙΑ ΚΑΙ ΕΘΝΙΚΗ ΟΔΟΣ ΣΗΤΕΙΑ-ΑΓ.ΝΙΚΟΛΑΟΣ;ΑΠΟ ΣΗΤΕΙΑ 20;ΒΔ;8;39.35;5.4; ; ; ;0; ;0;0;0; ; 
1131;Βάση;Αλιευτικό Καταφύγιο και μικρό Λιμενικό Έργο;Γουβών;Γουβών;616369,98;3910660,97;1;0;0;0;0;0;0;0;0;0;Λιμεναρχείο Ηρακλείου 2810 244956;ΒΟΡΕΙΑ;25,28;35,33;ΒΟΡΕΙΟΣ ΟΔΙΚΟΣ ΑΞΟΝΑΣ ΚΡΗΤΗΣ;ΑΠO ΗΡΑΚΛΕΙΟ 15;ΒΔ;0;0;0; ; ; ;0; ;0;0;0; ; 
1066;Βραχάκια;Αλιευτικό Καταφύγιο και μικρό Λιμενικό Έργο;Νέας Κυδωνίας;Χανίων;496546,25;3929655,53;1;1;1;0;0;0;0;0;0;0;Λιμεναρχείο Χανίων 28210 98888, VHF 12-18;ΒΟΡΕΙΑ;23,96;35,51;ΕΘΝΙΚΗ ΟΔΟΣ ΚΑΣΤΕΛΙ-ΧΑΝΙΑ-ΗΡΑΚΛΕΙΟ;ΑΠΌ ΧΑΝΙΑ 80;Β;8;17,82;4.6; ; ; ;0; ;0;0;0; ; 
1005;Γαύδος (Υπό Μελέτη);Τουριστικό καταφύγιο;Κ. Γαύδου;Χανίων;510503,67;3855954,53;1;0;0;1;0;0;0;1;0;0;28250 91292 / Γαύδος 28230 41101;ΝΟΤΙΑ;24,11;34,84;ΚΟΙΝΟΤΙΚΗ-ΑΓΡΟΤΙΚΗ ΟΔΟΠΟΙΪΑ ΝΗΣΟΥ;ΑΠΌ ΣΦΑΚΙΑ 26 Ν.Μ;Β;9;48.38;0;ΜΩΛΟΙ: ΠΡΟΣΗΝΕΜΟΣ 175;ΚΡΗΠΙΔΩΜΑΤΑ ΜΗΚΟΥΣ 260, ΧΡΗΣΙΜΟΥ ΒΑΘΟΥΣ -2,50 ~ -4,00;1 ΜΗΚΟΥΣ 45;8200;-5;0;50;40;6~18;:-2,00 ~ -4,00
1075;Γεράνι;Αλιευτικό Καταφύγιο και μικρό Λιμενικό Έργο;Νικηφόρου Φωκά;Ρεθύμνου;536826,41;3912800,09;1;0;1;1;0;0;0;0;0;0;Λιμεναρχείο Ρεθύμνου 28310 22276, 28310 55150 VHF 12-32;ΒΟΡΕΙΑ;24,4;35,35; ΚΑΤΑ ΜΗΚΟΣ ΤΗΣ ΑΚΤΗΣ ΟΔΕΥΕΙ Ο ΒΟΑΚ ΤΜΗΜΑ ΡΕΘΥΜΝΟ- ΧΑΝΙΑ, ΜΕ ΤΟΝ ΟΠΟΙΟ ΣΥΝΔΕΕΤΑΙ ΜΕΣΟ ΤΗΣ ΚΑΤΩ ΔΙΑΒΑΣΗΣ ΤΗΣ ΕΠΑΡΧΙΑΚΗ ΟΔΟΥ ΠΡΟΣ ΤΟΝ ΟΙΚΙΣΜΟ ΓΕΡΑΝΙ;ΑΠΟ ΡΕΘΥΜΝΟ 7;ΒΔ;8;0;5;ΠΡΟΣΗΝΕΜΟΣ  ΜΩΛΟΣ ΑΠΌ ΛΙΘΟΡΡΙΠΕΣ ΚΑΙ ΦΥΣΙΚΟΥΣ ΟΓΚΟΛΙΘΟΥΣ ΜΗΚΟΥΣ ΠΕΡΙΠΟΥ 70; ; ;0; ;0;0;0; ; 
1071;Γεωργιούπολη;Τουριστικό καταφύγιο;Γεωργιουπόλεως;Χανίων;523794;3913341;1;1;1;1;1;0;1;1;0;0;Λιμενικος Σταθμός Σούδας 28210 89240 VHF 12-18;ΒΟΡΕΙΑ;24,26;35,36;ΒΟΡΕΙΟΣ ΟΔΙΚΟΣ ΑΞΟΝΑΣ ΚΡΗΤΗΣ;ΑΠΟ ΧΑΝΙΑ 39;Β;8;17.22;5.8; ;ΚΡΗΠΙΔΩΜΑΤΑ ΜΗΚΟΥΣ 300, ΧΡΗΣΙΜΟΥ ΒΑΘΟΥΣ -3,00; ;11400;-4;25;45;40;6~16;:-2,00 ~ -3,00
1022;Γκράντες;Αγκυροβόλιο;Ιτάνου;Λασιθίου;709097,77;3896600,98;0;0;0;0;0;0;0;0;0;0;Υπολιμεναρχείο Σητείας 28430 22310;ΑΝΑΤΟΛΙΚΑ;26,29;35,19;ΕΠΑΡΧΙΑΚΗ ΟΔΟΣ ΠΑΛΑΙΟΚΑΣΤΡΟ-ΣΗΤΕΙΑ;ΑΠΟ ΣΗΤΕΙΑ 30;Β;0;0;0; ; ; ;0; ;0;0;0; ; 
1026;Γούδουρας;Αλιευτικό Καταφύγιο και μικρό Λιμενικό Έργο;Λεύκης;Λασιθίου;691090,45;3875690,55;1;1;1;1;0;0;0;1;0;0;Υπολιμεναρχείο Ιεράπετρας 28420 22294 VHF 12-32;ΝΟΤΙΑ;26,09;35;ΟΔΟΣ ΑΓΙΑ ΤΡΙΑΔΑ-ΜΑΚΡΥΣ ΓΙΑΛΟΣ-ΙΕΡΑΠΕΤΡΑ(36Km) ΚΑΙ ΙΕΡΑΠΕΤΡΑ-ΠΑΧΕΙΑ ΑΜΜΟΣ-ΑΓ.ΝΙΚΟΛΑΟΣ(47Km);83;B;9;31.74;6.2; ; ; ;0; ;0;0;0; ; 
1145;Γρα Λυγιά (Υπό μελέτη);Αλιευτικό Καταφύγιο και μικρό Λιμενικό Έργο;Ιεράπετρας;Λασιθίου;653821,24;3875577,52;1;1;1;1;1;0;0;1;0;0;Υπολιμεναρχείο Ιεράπετρας 28420 22294 VHF 12-32;ΝΟΤΙΑ;25,73;35;ΙΕΡΑΠΕΤΡΑ-ΠΑΧΕΙΑ ΑΜΜΟΣ-ΑΓ.ΝΙΚΟΛΑΟΣ;ΑΠΟ ΑΓΙΟ ΝΙΚΟΛΑΟ 37;Β;9;0.31;6.1; ; ; ;0;0;0;0;0;0;0
1001;Γραμβούσα;Αγκυροβόλιο;Κισσάμου;Χανίων;461782,92;3940254,4;0;0;0;0;0;0;0;0;0;0;28220 22024 / VHF 12-18;ΒΟΡΕΙΑ;23,57;35,6; ;ΑΠΌ ΧΑΝΙΑ 70;Β;10;17,22;5.8; ; ; ;0; -3~-2,5;0;0;0; ; 
1045;Δαμνόνι;Αγκυροβόλιο;Φοίνικα;Ρεθύμνου;537707,84;3892187,62;1;0;0;0;0;0;0;0;0;0;Υπολιμεναρχείο Αγίας Γαλήνης 28320 91206/VHF 12;ΝΟΤΙΑ;24,41;35,17;ΕΠΑΡΧΙΑΚΟ ΟΔΙΚΟ ΔΙΚΤΥΟ;ΑΠΟ ΡΕΘΥΜΝΟ 35;Β;9;31.75;6.2; ; ; ;0; ;0;0;0; ; 
1143;Δασκαλιό;Αγκυροβόλιο;Ιτάνου;Λασιθίου;709497,56;3908700,34;0;0;0;0;0;0;0;0;0;0;Υπολιμεναρχείο Σητείας 28430 22310;ΒΟΡΕΙΑ;26,15;35,19;ΒΟΡΕΙΟΣ ΟΔΙΚΟΣ ΑΞΟΝΑΣ ΚΡΗΤΗΣ ΚΑΙ ΕΠΑΡΧΙΑΚΟ ΟΔΙΚΟ ΔΙΚΤΥΟ;ΑΠΟ ΣΗΤΕΙΑ 29;ΒΔ;8;0.47;5.2; ; ; ;0; ;0;0;0; ; 
1096;Ελούντα;Τουριστικό καταφύγιο;Αγίου Νικολάου;Λασιθίου;656542,93;3903254,48;1;1;1;1;1;0;0;1;0;0;Λιμεναρχείο Αγ Νικολάου 28410 90108;ΒΟΡΕΙΑ;25,72;35,26;ΕΠΑΡΧΙΑΚΗ ΟΔΟΣ ΕΛΟΥΝΤΑ-ΑΓ.ΝΙΚΟΛΑΟΣ, ΜΕΣΩ ΤΗΣ ΟΠΟΙΑΣ ΣΥΝΔΕΕΤΑΙ ΜΕ Β.Ο.Α.Κ;ΑΠΟ ΑΓ.ΝΙΚΟΛΑΟ 10.5;ΒΔ;9;29.2;0;ΜΩΛΟΙ: ΠΡΟΣΗΝΕΜΟΣ ΠΡΟΒΛΗΤΑΣ 85Μ.ΥΠΗΝΕΜΟΣ 40Μ;ΚΡΗΠΙΔΩΜΑΤΑ ΜΗΚΟΥΣ 370Μ. ΧΡΗΣΙΜΟ ΒΑΘΟΣ  -2~-3,50; ;7400;-3,50Μ;45;40;80;6~16;-2~-3
1136;Ελούντα BEACH HOTEL;Ξενοδοχειακή λιμενική εγκατάσταση;Αγίου Νικολάου;Λασιθίου;657525,35;3900970,35;1;1;1;1;1;1;0;1;0;0;Λιμεναρχείο Αγ. Νικολάου 28410 90108 BEACH HOTEL28410 89700;ΒΟΡΕΙΑ;25,72;35,26;ΕΠΑΡΧΙΑΚΗ ΟΔΟΣ ΕΛΟΥΝΤΑ-ΑΓ.ΝΙΚΟΛΑΟΣ, ΜΕΣΩ ΤΗΣ ΟΠΟΙΑΣ ΣΥΝΔΕΕΤΑΙ ΜΕ Β.Ο.Α.Κ;ΑΠO ΑΓΙΟ ΝΙΚΟΛΑΟ 10.5;ΒΔ;9;29.2;0; ; ; ;0; ;0;0;0; ; 
1133;Έξω Βαθύ;Αγκυροβόλιο;Αγίου Νικολάου;Λασιθίου;659280,78;3905117,86;0;0;0;0;0;0;0;0;0;0;Λιμεναρχείο Αγ Νικολάου 28410 90108;ΒΟΡΕΙΑ;25,75;35,27;ΕΠΑΡΧΙΑΚΗ ΟΔΟΣ ΕΛΟΥΝΤΑ-ΑΓ.ΝΙΚΟΛΑΟΣ;ΑΠO ΑΓΙΟ ΝΙΚΟΛΑΟ 13;ΒΔ;9;28.5;4.2; ; ; ;0; ;0;0;0; ; 
1019;Ερημούπολη;Αγκυροβόλιο;Ιτάνου;Λασιθίου;705806,82;3904212,64;0;0;0;0;0;0;0;0;0;0;Υπολιμεναρχείο Σητείας 28430 22310;ΑΝΑΤΟΛΙΚΑ;26,26;35,25;ΕΠΑΡΧΙΑΚΗ ΟΔΟΣ ΒΑΪ-ΠΑΛΑΙΟΚΑΣΤΡΟ-ΣΗΤΕΙΑ ΚΑΙ ΕΘΝΙΚΗ ΟΔΟΣ ΣΗΤΕΙΑ-ΑΓ.ΝΙΚΟΛΑΟΣ;ΑΠΟ ΣΗΤΕΙΑ 20;ΒΔ;8;39.35;5.4; ; ; ;0; ;0;0;0; ; 
1023;Ζάκρος;Αγκυροβόλιο;Ιτάνου;Λασιθίου;706347,01;3885993,22;1;0;1;1;0;0;0;1;0;0;Υπολιμεναρχείο Σητείας 28430 22310;ΑΝΑΤΟΛΙΚΑ;26,26;35,09;ΚΟΙΝΟΤΙΚΗ ΟΔΟΣ ΚΑΤΩ ΖΑΚΡΟΣ-ΖΑΚΡΟΣ ΜΗΚΟΥΣ 8Km -ΕΠΑΡΧΙΑΚΗ ΟΔΟΣ ΖΑΚΡΟΣ-ΣΗΤΕΙΑ ΜΗΚΟΥΣ 23Km ΚΑΙ ΕΘΝΙΚΗ ΟΔΟΣ ΣΗΤΕΙΑ-ΑΓΙΟΣ ΝΙΚΟΛΑΟΣ ΜΗΚΟΥΣ 72Km;ΑΠΟ ΑΓΙΟ ΝΙΚΟΛΑΟ 103 ΑΠΌ ΣΗΤΕΙΑ 23;ΒΔ;8;39.35;5.4; ; ; ;0; ;0;0;0; ; 
1117;Ηράκλειο;Μαρίνα;Ηρακλείου;Ηρακλείου;603103;3911436;1;1;1;1;1;1;1;1;1;1;Λιμεναρχείο Ηρακλείου 2810 244956;ΒΟΡΕΙΑ;25,13;35,34;ΒΟΡΕΙΟΣ ΟΔΙΚΟΣ ΑΞΟΝΑΣ ΚΡΗΤΗΣ;ΑΠΟ ΗΡΑΚΛΕΙΟ 0;ΒΔ;9;28.56;5.2;ΠΡΟΣΗΝΕΜΟΣ ΚΑΙ ΥΠΗΝΕΜΟΣ ΜΩΛΟΣ ΛΙΜΕΝΟΣ ΗΡΑΚΛΕΙΟΥ;ΚΡΗΠΙΔΩΜΑΤΑ ΜΗΚΟΥΣ ΕΝΕΤΙΚΟΥ ΛΙΜΕΝΟΣ 450Μ, ΧΡΗΣΙΜΟΥ ΒΑΘΟΥΣ -2.00~-4.00Μ;ΕΝΕΤΙΚΟΥ ΛΙΜΕΝΟΣ ΠΛΩΤΟΙ 2*60=120Μ;36000;?;40;50;70;10~18;-4,5
1123;Θεοδωρού;Αγκυροβόλιο;Νέας Κυδωνίας;Χανίων;493719,68;3931559,22;0;0;0;0;0;0;0;0;0;0;Λιμεναρχείο Χανίων 2821098888, VHF12-18;ΒΟΡΕΙΑ;23,93;35,52;ΕΘΝΙΚΗ ΟΔΟΣ ΚΑΣΤΕΛΙ-ΧΑΝΙΑ-ΗΡΑΚΛΕΙΟ;11;Β;8;17.82;4.6; ; ; ;0; ;0;0;0; ; 
1029;Ιεράπετρα;Μαρίνα;Ιεράπετρας;Λασιθίου;658274,39;3874514,78;1;1;1;1;1;0;1;1;1;1;Υπολιμεναρχείο Ιεράπετρας 28420 22294 VHF 12-32;ΝΟΤΙΑ;25,73;35;ΙΕΡΑΠΕΤΡΑ-ΠΑΧΕΙΑ ΑΜΜΟΣ-ΑΓ.ΝΙΚΟΛΑΟΣ;ΑΠΌ ΑΓΙΟ ΝΙΚΟΛΑΟ 37;Β;9;0.31;6.1;ΜΩΛΟΙ: ΠΡΟΣΗΝΕΜΟΣ 265Μ. ΕΝΕΤΙΚΟ ΦΡΟΥΡΙΟ;ΚΡΗΠΙΔΩΜΑΤΑ ΜΗΚΟΥΣ 310Μ. ΧΡΗΣΙΜΟ ΒΑΘΟΣ -3,50;4 ΔΙΑΣΤΑΣΕΩΝ 3Χ24+15=87Μ;30750;-3,50Μ;30;40;100;10~18;-3
1068;Καλαθάς;Αγκυροβόλιο;Ακρωτηρίου;Χανίων;507805,22;3934471,84;1;1;0;1;1;0;0;0;0;0;Λιμεναρχείο Χανίων 28210 98888, VHF 12-18;ΒΟΡΕΙΑ;24,08;35,55;ΕΠΑΡΧΙΑΚΟ ΟΔΙΚΟ ΔΙΚΤΥΟ ΧΑΝΙΩΝ-ΚΑΛΑΘΑΣ;ΑΠΟ ΧΑΝΙΑ 10;Β;9;17.23;5.8; ; ; ;0; ;0;0;0; ; 
1008;Καλημέρα Κρήτη HOTEL;Ξενοδοχειακή λιμενική εγκατάσταση;Νεάπολης;Λασιθίου;638853,77;3908208,04;1;1;1;1;1;1;0;1;1;0; ΞΕΝ/ΧΕΙΟ 28410 71204 / Λιμεναρχείο 28410 90108;ΒΟΡΕΙΑ;25,52;35,3;ΣΥΝΔΕΤΗΡΙΑ ΣΙΣΙ ΕΘΝΙΚΗ ΟΔΟΣ -Β.Ο.Α.Κ;30;ΒΔ;9;0.29;5.8; ; ; ;0; ;0;0;0; ; 
1099;Καλό Χωριό (Υπό Μελέτη);Καταφύγιο μικτής χρήσης;Αγίου Νικολάου;Λασιθίου;657858,88;3888518,74;1;1;1;1;1;0;0;1;0;0;Λιμεναρχείο Αγ Νικολάου 28410 90108;ΒΟΡΕΙΑ;25,73;35,12;ΕΘΝΙΚΗ ΟΔΟΣ ΑΓ.ΝΙΚΟΛΑΟΥ-ΣΗΤΕΙΑΣ και Β.Ο.Α.Κ;ΑΠΟ ΑΓ.ΝΙΚΟΛΑΟ 12;ΒΔ;8;0.39;3.3;ΜΩΛΟΙ: ΠΡΟΣΗΝΕΜΟΣ 150Μ.ΥΠΗΝΕΜΟΣ 95Μ;ΚΡΗΠΙΔΩΜΑΤΑ ΜΗΚΟΥΣ 315Μ. ΧΡΗΣΙΜΟ ΒΑΘΟΣ  -3,5~-4,5;1  60Μ;13300; -3,5~-4,5;55;50;63;8~24;-2~-4
1038;Καλοί Λιμένες;Αγκυροβόλιο;Μοιρών;Ηρακλείου;573087,52;3865112,23;1;1;1;1;0;0;0;1;0;0;Λιμενικός Σταθμός Καλών Λιμένων 28920 97500;ΝΟΤΙΑ;24,8;34,92;ΣΥΝΔΕΤΗΡΙΟΣ ΟΔΟΣ ΚΑΛΟΙ ΛΙΜΕΝΕΣ-ΜΟΙΡΕΣ-ΕΘΝΙΚΗ ΟΔΟΣ ΜΟΙΡΩΝ-ΗΡΑΚΛΕΙΟΥ;ΑΠΟ ΗΡΑΚΛΕΙΟ 76;Β;9;31.74;6.2; ; ; ;0; ;300;0;0; ; 
1004;Καλύβες;Καταφύγιο μικτής χρήσης;Αρμένων;Χανίων;516013,01;3922920,12;1;1;1;1;0;0;1;1;0;1;28210 89240 VHF 12-18;ΒΟΡΕΙΑ;24,17;35,44;ΕΘΝΙΚΗ ΟΔΟΣ ΧΑΝΙΩΝ-ΗΡΑΚΛΕΙΟΥ;17;Δ;10;17.5;4.8;ΜΩΛΟΙ: ΠΡΟΣΗΝΕΜΟΣ 75, ΥΠΗΝΕΜΟΣ 75;ΚΡΗΠΙΔΩΜΑΤΑ ΜΗΚΟΥΣ 125, ΧΡΗΣΙΜΟΥ ΒΑΘΟΥΣ -2,00 ~ -2,50; ;1500; ;45;35;25;4~12;:-1.00 ~ -2,50
1058;Κάμπος;Αγκυροβόλιο;Ινναχωρίου;Χανίων;458697,01;3917024,66;0;0;0;0;0;0;0;0;0;0;Λιμενικός Σταθμός Παλαιόχωρας 28230 41214;ΔΥΤΙΚΑ;23,54;35,39;ΕΘΝΙΚΗ ΟΔΟΣ ΧΑΝΙΩΝ - ΚΑΣΤΕΛΙ ΕΠΑΡΧΙΑΚΟ ΟΔΟΣ ΚΑΣΤΕΛΙ - ΚΑΜΠΟΥ;ΑΠΟ ΧΑΝΙΑ 60;Β;8;48.38;6.2; ; ; ;0; ;0;0;0; ; 
1129;Κάπαρι;Αγκυροβόλιο;Γουβών;Ηρακλείου;609192,86;3921952,05;0;0;0;0;0;0;0;0;0;0;Λιμεναρχείο Ηρακλείου 2810 244956;ΒΟΡΕΙΑ;2,52;3,54; ;7 Ν.Μ;ΒΔ;9;28.56;3.8; ; ; ;0;-55;900;0;0; ; 
1006;Κερατόκαμπος;Καταφύγιο μικτής χρήσης;Βιάννου;Ηρακλείου;624983,91;3873398,99;1;1;1;1;0;0;1;1;0;0;Υπολιμεναρχείο Ιεράπετρας 28420 22294 VHF 12-32;ΝΟΤΙΑ;25,36;34,99;ΕΠΑΡΧΙΑΚΗ ΟΔΟΣ ΒΙΑΝΝΟΥ-ΗΡΑΚΛΕΙΟΥ;73;Β;9;31.74;6.3;ΠΡΟΣΗΝΕΜΟΣ ΜΩΛΟΣ 240Μ, ΥΠΗΝΕΜΟΣ 40Μ;ΚΡΗΠΙΔΩΜΑΤΑ ΜΗΚΟΣ 305Μ, ΧΡΗΣΙΜΟ ΒΑΘΟΣ -2.00 ~-3.50;2 ΜΗΚΟΥΣ 56Μ;8000; ;25;35;76;6~16;-2 ~-3
1061;Κίσσαμος;Μαρίνα;Κισσάμου;Χανίων;466985,97;3930024,97;1;1;1;1;1;1;1;1;1;1;28220 22136, VHF12-18;ΒΟΡΕΙΑ;23,63;35,51;Β.Ο.Α.Κ. ΚΙΣΣΑΜΟΣ - ΧΑΝΙΑ;ΑΠΟ ΧΑΝΙΑ 58;Β;8;17.22;4.6;ΠΡΟΣΗΝΕΜΟΣ ΜΩΛΟΣ 180, ΥΠΗΝΕΜΟΣ ΜΩΛΟΣ 25μ;ΚΡΗΠΙΔΩΜΑΤΑ ΜΗΚΟΥΣ 200, ΧΡΗΣΙΜΑ ΒΑΘΗ -4,50, -8,00;ΠΡΟΒΛΗΤΕΣ 2*60=120Μ;89600;-8;110;300;40; ; 
1137;Κιτρόπλακα;Αγκυροβόλιο;Αγίου Νικολάου;Λασιθίου;656649,48;3895060,05;1;1;1;1;1;0;0;1;0;1;Λιμεναρχείο Αγ Νικολάου 28410 90108;ΒΟΡΕΙΑ;25,71;35,18;ΒΟΡΕΙΟΣ ΟΔΙΚΟΣ ΑΞΟΝΑΣ ΚΡΗΤΗΣ;ΑΠO ΑΓΙΟ ΝΙΚΟΛΑΟ 0;ΒΔ;9;0.28;4; ; ; ;0;0;0;0;0; ; 
1086;Κοκκίνη Χάνι;Αλιευτικό Καταφύγιο και μικρό Λιμενικό Έργο;Γουβών;Ηρακλείου;614073,58;3910396;1;1;0;0;0;0;0;0;0;0;Λιμεναρχείο Ηρακλείου 2810 244956;ΒΟΡΕΙΑ;25,25;35,33;ΒΟΡΕΙΟΣ ΟΔΙΚΟΣ ΑΞΟΝΑΣ ΚΡΗΤΗΣ ΚΑΙ ΠΑΛΑΙΑ ΕΘΝΙΚΗ ΟΔΟΣ;ΑΠΟ ΗΡΑΚΛΕΙΟ 10;ΒΔ;9;29,2;4.8; ; ; ;0; ;0;0;0; ; 
1041;Κόκκινος Πύργος;Καταφύγιο μικτής χρήσης;Τυμπακίου;Ηρακλείου;567067,67;3882189,52;1;1;1;1;1;0;1;1;0;0;28920 52983/Υπολιμεναρχείο Αγίας Γαλήνης 28320 91206;ΝΟΤΙΑ;24,73;35,08;ΕΘΝΙΚΗ ΟΔΟΣ Ε-97;67;Β;9;31.74;6.3;ΠΡΟΣΗΝΕΜΟΣ ΜΩΛΟΣ 250Μ, ΥΠΗΝΕΜΟΣ 100Μ;ΚΡΗΠΙΔΩΜΑΤΑ ΜΗΚΟΣ 540Μ, ΧΡΗΣΙΜΟ ΒΑΘΟΣ -3.00 ~-5.00; ;64300;-3~-5;50;120;135;6~24;-2 ~-4
1134;Κολοκυθιά;Αγκυροβόλιο;Αγίου Νικολάου;Λασιθίου;659575,19;3903596,74;0;0;0;0;0;0;0;0;0;0;Λιμεναρχείο Αγ Νικολάου 28410 90108;ΒΟΡΕΙΑ;25,75;35,26;ΕΠΑΡΧΙΑΚΗ ΟΔΟΣ ΕΛΟΥΝΤΑ-ΑΓ.ΝΙΚΟΛΑΟΣ;ΑΠO ΑΓΙΟ ΝΙΚΟΛΑΟ 10;ΒΔ;9;28.5;4.2; ; ; ;0; ;0;0;0; ; 
1062;Κολυμπάρι;Αλιευτικό Καταφύγιο και μικρό Λιμενικό Έργο;Κολυμπαρίου;Χανίων;479851,08;3933264,57;1;1;1;1;1;0;1;1;1;1;Λιμεναρχείο Χανίων 28210 98888, VHF 12-18;ΒΟΡΕΙΑ;23,77;35,54;ΒΟΡΕΙΟΣ ΟΔΙΚΟΣ ΑΞΟΝΑΣ ΚΡΗΤΗΣ;ΑΠΌ ΧΑΝΙΑ 25;Β;8;17.22;4.8;ΠΡΟΣΗΝΕΜΟΣ ΜΩΛΟΣ 235μ. , ΥΠΗΝΕΜΟΣ ΜΩΛΟΣ 320μ.;ΚΡΗΠΙΔΩΜΑΤΑ ΜΗΚΟΥΣ 350, ΧΡΗΣΙΜΟΥ ΒΑΘΟΥΣ -4,00;1 ΜΟΝΙΜΟΣ 50μ.;29000;-4;50;60;80;8~18; 
1007;Κούντουρα (Υπό Μελέτη);Αλιευτικό Καταφύγιο και μικρό Λιμενικό Έργο;Πελεκάνου;Χανίων;466519,47;3898647,26;1;0;1;0;0;0;0;0;0;1;Λιμενικός Σταθμός Παλαιόχωρας 28230 41214;ΝΟΤΙΑ;23,63;35,23;ΟΔΟΣ ΠΑΛΑΙΟΧΩΡΑΣ-ΜΑΛΕΜΕ-ΧΑΝΙΑ; ;Β;9;31,74;6.1; ; ; ;0; ;0;0;0; ; 
1021;Κουρεμένος;Αλιευτικό Καταφύγιο και μικρό Λιμενικό Έργο;Ιτάνου;Λασιθίου;706476,72;3898930,27;1;1;1;1;0;0;0;1;0;0;Υπολιμεναρχείο Σητείας 28430 22310;ΑΝΑΤΟΛΙΚΑ;26,26;35,21;ΕΠΑΡΧΙΑΚΗ ΟΔΟΣ ΠΑΛΑΙΟΚΑΣΤΡΟ-ΣΗΤΕΙΑ;ΑΠΟ ΣΗΤΕΙΑ 25;Β;0;0;0; ; ; ;0; ;0;0;0; ; 
1025;Κουφονήσι;Αγκυροβόλιο;Λεύκης;Λασιθίου;695560,76;3868830,52;0;0;0;0;0;0;0;0;0;0;Υπολιμεναρχείο Ιεράπετρας 28420 22294 VHF 12-32;ΑΝΑΤΟΛΙΚΑ;26,14;34,94; ;ΑΠΟ ΑΘΕΡΙΝΟΛΑΚΟΣ 3.25 Ν.Μ;Β;9;31,74;2; ; ; ;0; ;0;0;0; ; 
1037;Λασαία;Αγκυροβόλιο;Μοιρών;Ηρακλείου;575408;3866278;0;0;0;0;0;0;0;0;0;0;Λιμενικός Σταθμός Καλών Λιμένων 28920 97500;ΝΟΤΙΑ;24,82;34,93;ΣΥΝΔΕΤΗΡΙΟΣ ΟΔΟΣ ΚΑΛΟΙ ΛΙΜΕΝΕΣ-ΜΟΙΡΕΣ-ΕΘΝΙΚΗ ΟΔΟΣ ΜΟΙΡΩΝ-ΗΡΑΚΛΕΙΟΥ;ΑΠΟ ΚΑΛΟΥΣ ΛΙΜΕΝΕΣ 2;Β;9;31.74;6.3; ; ; ;0; ;0;0;0; ; 
1036;Λέντας (Υπό Κατασκευή);Καταφύγιο μικτής χρήσης;Γόρτυνας;Ηρακλείου;584193,16;3865432,16;0;0;0;0;0;0;0;0;0;0;Λιμενικός Σταθμός Καλών Λιμένων 28920 97500;ΝΟΤΙΑ;24,92;34,92;ΕΘΝΙΚΗ ΟΔΟΣ Ε-97 ΗΡΑΚΛΕΙΟ - ΜΟΙΡΕΣ;ΑΠΟ ΗΡΑΚΛΕΙΟ 65;Β;9;31.74;6.3;ΠΡΟΣΗΝΕΜΟΣ ΜΩΛΟΣ 120Μ, ΥΠΗΝΕΜΟΣ 50Μ;ΚΡΗΠΙΔΩΜΑΤΑ ΜΗΚΟΣ 300Μ, ΧΡΗΣΙΜΟ ΒΑΘΟΣ -2.00 ~-4.00; ;7700;-4;30;45;85;6~18;-2 ~-4
1063;Λίμνη Κισσάμου;Αλιευτικό Καταφύγιο και μικρό Λιμενικό Έργο;Κισσάμου;Χανίων;467281,08;3928872,44;1;1;1;1;1;0;0;0;0;1;28220 22024 / VHF 12-18;ΒΟΡΕΙΑ;23,63;35,5;ΒΟΡΕΙΟΣ ΟΔΙΚΟΣ ΑΞΟΝΑΣ ΚΡΗΤΗΣ;ΑΠΟ ΧΑΝΙΑ 60;Β;8;17,22;4.8; ; ; ;0; ;0;0;0; ; 
1122;Λιμνονάρι;Αγκυροβόλιο;Κολυμπαρίου;Χανίων;478358,31;3945065,15;0;0;0;0;0;0;0;0;0;0;Λιμεναρχείο Χανίων 2821098888, VHF12-18;ΒΟΡΕΙΑ;23,76;35,64;ΕΠΑΡΧΙΑΚΟ ΟΔΙΚΟ ΔΙΚΤΥΟ ΚΑΙ Β.Ο.Α.Κ.;ΑΠΌ ΧΑΝΙΑ  75;ΒA;0;0;0; ; ; ;0; ;0;0;0; ; 
1053;Λισός;Αγκυροβόλιο;Ανατολικού Σελίνου;Χανίων;480629,88;3899329,8;0;0;0;0;0;0;0;0;0;0;Λιμενικός Σταθμός Παλαιόχωρας 28230 41214;ΝΟΤΙΑ;23,78;35,23;ΕΠΑΡΧΙΑΚΟ ΟΔΙΚΟ ΔΙΚΤΥΟ;ΑΠΟ ΧΑΝΙΑ 90;β;9;48,38;6; ; ; ;0; ;0;0;0; ; 
1073;Λουτράκι;Αγκυροβόλιο;Ακρωτηρίου;Χανίων;514963,56;3928328,08;1;0;0;1;0;0;0;0;0;0;Λιμενικος Σταθμός Σούδας 28210 89240 VHF 12-18;ΒΟΡΕΙΑ;2,41;35,49;ΕΠΑΡΧΙΑΚΟ ΟΔΙΚΟ ΔΙΚΤΥΟ ΧΑΝΙΩΝ;ΑΠΟ ΧΑΝΙΑ 16;Δ;9;17,5;4.8; ; ; ;0; ;0;0;0; ; 
1102;Λούτρες;Αγκυροβόλιο;Σητείας;Λασιθίου;674696,89;3894313;1;0;0;0;0;0;0;0;0;0;Υπολιμεναρχείο Σητείας 28430 22310;ΒΟΡΕΙΑ;25,91;35,17;ΣΥΝΔΕΤΗΡΙΑ ΟΔΟΣ  ΜΟΧΛΟΣ- ΕΘΝΙΚΗ ΟΔΟΣ -Β.Ο.Α.Κ;ΑΠΟ ΑΓ.ΝΙΚΟΛΑΟ 43;ΒΔ;8;0.47;5.2; ; ; ;0; ;0;0;0; ; 
1050;Λουτρό;Αλιευτικό Καταφύγιο και μικρό Λιμενικό Έργο;Σφακίων;Χανίων;507087,42;3894845,98;1;0;1;1;0;0;0;0;0;0;Υπολιμεναρχείο Χώρας Σφακίων 28250 91292;ΝΟΤΙΑ;24,07;35,19; ;ΑΠΟ ΧΑΝΙΑ 70;Β;9;48.38;6; ; ; ;0; ;0;0;0; ; 
1127;Λυγαριά;Αγκυροβόλιο;Γαζίου;Ηρακλείου;593108,21;3917604,57;1;1;1;1;1;0;0;1;0;0;Λιμεναρχείο Ηρακλείου 2810 244956;ΒΟΡΕΙΑ;25,02;35,39;ΒΟΡΕΙΟΣ ΟΔΙΚΟΣ ΑΞΟΝΑΣ ΚΡΗΤΗΣ;ΑΠO ΗΡΑΚΛΕΙΟ 21;ΒΔ;9;28.56;5.2; ; ; ;0;-0~-10;560;0;0; ; 
1028;Μακρύγιαλος;Τουριστικό καταφύγιο;Μακρύγιαλου;Λασιθίου;679783,44;3878657,13;1;1;1;1;0;0;0;1;0;0;Υπολιμεναρχείο Ιεράπετρας 28420 22294 VHF 12-32;ΝΟΤΙΑ;25,97;35,03;ΕΠΑΡΧΙΑΚΗ ΟΔΟΣ ΣΗΤΕΙΑ-ΙΕΡΑΠΕΤΡΑ-ΠΑΧΕΙΑ ΑΜΜΟΣ ΚΑΙ ΒΟΑΚ;ΑΠΟ ΑΓΙΟ ΝΙΚΟΛΑΟ 66;Β;9;31,74;6.1;ΜΩΛΟΙ: ΠΡΟΣΗΝΕΜΟΣ 120Μ;ΚΡΗΠΙΔΩΜΑΤΑ ΜΗΚΟΥΣ 1650Μ. ΧΡΗΣΙΜΟ ΒΑΘΟΣ -2 -2,50; ;3500;-2,5;40;30;40;6~12; -2,0~-3,0
1064;Μάλεμε;Αγκυροβόλιο;Πλατανιά;Χανίων;485556;3931303,85;1;0;0;0;0;0;0;0;0;1;Λιμεναρχείο Χανίων 28210 98888, VHF 12-18;ΒΟΡΕΙΑ;23,84;35,52;ΒΟΡΕΙΟΣ ΟΔΙΚΟΣ ΑΞΟΝΑΣ ΚΡΗΤΗΣ;ΑΠΌ ΧΑΝΙΑ 20;Β;8;17,22;4.8; ; ; ;0; ;0;0;0; ; 
1091;Μάλια;Μαρίνα;Μαλλίων;Ηρακλείου;633712,4;3906537,17;1;1;1;1;1;1;1;1;1;1;Λιμεναρχείο Ηρακλείου 2810 244956;ΒΟΡΕΙΑ;25,47;35,29;ΒΟΡΕΙΟΣ ΟΔΙΚΟΣ ΑΞΟΝΑΣ ΚΡΗΤΗΣ;ΑΠΟ ΗΡΑΚΛΕΙΟ 28;ΒΔ;8;30,13;5.2;ΜΩΛΟΙ: ΠΡΟΣΗΝΕΜΟΣ 520Μ.ΥΠΗΝΕΜΟΣ 70Μ;ΚΡΗΠΙΔΩΜΑΤΑ ΜΗΚΟΥΣ 870Μ. ΧΡΗΣΙΜΟ ΒΑΘΟΣ  -2~-4.50;ΠΡΟΒΛΗΤΑ ΠΛΩΤΟΙ 6ΔΙΑΣΤΑΣΕΩΝ 5*100 + 1*25 = 525Μ;51900; -2~-4;55;45;300;10~24;-2 ~-3.5
1072;Μαράθι;Τουριστικό καταφύγιο;Ακρωτηρίου;Χανίων;515645,92;3928761,08;1;1;1;1;0;0;0;1;0;0;Λιμενικος Σταθμός Σούδας 28210 89240 VHF 12-18;ΒΟΡΕΙΑ;24,17;35,5;ΕΠΑΡΧΙΑΚΟ ΟΔΙΚΟ ΔΙΚΤΥΟ ΧΑΝΙΩΝ;ΑΠΟ ΧΑΝΙΑ 18;Δ;10;17.5;4.8;ΠΡΟΣΗΝΕΜΟΣ ΜΩΛΟΣ 160;ΚΡΗΠΙΔΩΜΑΤΑ ΜΗΚΟΥΣ 115, ΧΡΗΣΙΜΟΥ ΒΑΘΟΥΣ -2,00 ~ -3,50; ;9600;-3;0;0;30;6~12;:-2,00 ~ -3,00
1033;Μαριδάκι;Αγκυροβόλιο;Αστερουσίων;Ηρακλείου;616453,88;3871172,42;1;0;1;1;0;0;0;0;1;0;Λιμενικός Σταθμός Καλών Λιμένων 28920 97500;ΝΟΤΙΑ;25,27;34,97;ΕΠΑΡΧΙΑΚΟ ΟΔΙΚΟ ΔΙΚΤΥΟ;ΑΠΟ ΗΡΑΚΛΕΙΟ 63;Β;10;36.48;6.2; ; ; ;0; ;0;0;0; ; 
1112;Μαρίνα HOTEL;Ξενοδοχειακή λιμενική εγκατάσταση;Γουβών;Ηρακλείου;618053,05;3910700,22;1;1;1;1;1;1;1;1;0;0;Λιμεναρχείο Ηρακλείου2810244956, Hotel Μαρίνα 28970 42040;ΒΟΡΕΙΑ;25,29;35,33;ΒΟΡΕΙΟΣ ΟΔΙΚΟΣ ΑΞΟΝΑΣ ΚΡΗΤΗΣ ΚΑΙ ΠΑΛΑΙΑ ΕΘΝΙΚΗ ΟΔΟΣ;ΑΠΟ ΗΡΑΚΛΕΙΟ 15;ΒΔ;9;29,2;4.8;ΜΩΛΟΙ: ΠΡΟΣΗΝΕΜΟΣ 325Μ. ΥΠΗΝΕΜΟΣ 75Μ;ΚΡΗΠΙΔΩΜΑΤΑ ΜΗΚΟΥΣ 370Μ. ΧΡΗΣΙΜΟ ΒΑΘΟΣ -2.00 ~ -4,00;ΠΡΟΒΛΗΤΑ ΠΛΩΤΗ 85Μ;20000; -2~-4;50;60;78;8~16;-2,5~-3,5
1040;Μάταλα;Αγκυροβόλιο;Τυμπακίου;Ηρακλείου;568121,62;3872354,77;1;1;0;1;0;0;1;1;0;0;Λιμενικός Σταθμός Καλών Λιμένων 28920 97500;ΝΟΤΙΑ;24,74;34,99;ΣΥΝΔΕΤΗΡΙΟΣ ΟΔΟΣ ΤΥΜΠΑΚΙΟΥ-ΗΡΑΚΛΕΙΟΥ;ΑΠΟ ΗΡΑΚΛΕΙΟ 70;ΒΔ;9;0;6.2; ; ; ;0; ;0;0;0; ; 
1111;Μαύρη Λιμνόνα (Υπό Κατασκευή);Τουριστικό καταφύγιο;Σφακίων;Χανίων;512378,53;3894819,96;0;0;0;0;0;0;0;0;0;0;Υπολιμεναρχείο Χώρας Σφακίων 28250 91292;ΝΟΤΙΑ;2,41;35,19;ΕΠΑΡΧΙΑΚΗ ΟΔΟΣ ΧΩΡΑ ΣΦΑΚΙΩΝ-ΒΡΥΣΣΕΣ ΚΑΙ Β.Ο.Α.Κ.;ΑΠΟ ΧΑΝΙΑ 75;Β;9;48.38;6.2;ΜΩΛΟΙ: ΠΡΟΣΗΝΕΜΟΣ 165Μ.;ΚΡΗΠΙΔΩΜΑΤΑ ΜΗΚΟΥΣ 300Μ. ΧΡΗΣΙΜΟ ΒΑΘΟΣ -2.5 ~ -4,00; ;20000;-4,5;50;50;75;8~24;-2.5~-4
1121;Μένιες;Αγκυροβόλιο;Κολυμπαρίου;Χανίων;478904,83;3946464,77;0;0;0;0;0;0;0;0;0;0;Λιμεναρχείο Χανίων 2821098888, VHF12-18;ΒΟΡΕΙΑ;23,76;35,66;ΕΠΑΡΧΙΑΚΟ ΟΔΙΚΟ ΔΙΚΤΥΟ ΚΑΙ Β.Ο.Α.Κ.;ΑΠΌ ΧΑΝΙΑ 80;ΒA;0;0;0; ; ; ;0; ;0;0;0; ; 
1094;Μίλατος;Τουριστικό καταφύγιο;Νεάπολης;Λασιθίου;641867,24;3909319,36;1;1;1;1;1;0;0;1;0;0;Λιμεναρχείο Αγ Νικολάου 28410 90108;ΒΟΡΕΙΑ;25,56;3,53;ΣΥΝΔΕΤΗΡΙΑ ΜΙΛΑΤΟΣ ΕΘΝΙΚΗ ΟΔΟΣ -Β.Ο.Α.Κ;ΑΠΟ ΑΓ.ΝΙΚΟΛΑΟ 31;ΒΔ;9;0.29;5.8;ΜΩΛΟΙ: ΠΡΟΣΗΝΕΜΟΣ 520Μ. ΥΠΗΝΕΜΟΣ 90Μ;ΚΡΗΠΙΔΩΜΑΤΑ ΜΗΚΟΥΣ 230Μ. ΧΡΗΣΙΜΟ ΒΑΘΟΣ  -1~-4;1 ΜΟΝΙΜΟΣ ΜΗΚΟΥΣ 35Μ;8500;-4Μ;35;52;55;6~25;-1~-3
1035;Μονή Κουδουμά;Αγκυροβόλιο;Κόφινα;Ηρακλείου;599359,82;3866509,25;1;0;0;1;0;0;0;1;0;0;Λιμενικός Σταθμός Καλών Λιμένων 28920 97500;ΝΟΤΙΑ;2,5;34,93;ΕΠΑΡΧΙΑΚΟ ΟΔΙΚΟ ΔΙΚΤΥΟ;ΑΠΟ ΗΡΑΚΛΕΙΟ 75;Β;0;0;0; ; ; ;0; ;0;0;0; ; 
1103;Μονή Φανερωμένης;Αγκυροβόλιο;Σητείας;Λασιθίου;688140,2;3899410,08;0;0;0;0;0;0;0;0;0;0;Υπολιμεναρχείο Σητείας 28430 22310;ΒΟΡΕΙΑ;26,06;35,22;ΣΥΝΔΕΤΗΡΙΑ ΟΔΟΣ  ΜΟΧΛΟΣ- ΕΘΝΙΚΗ ΟΔΟΣ -Β.Ο.Α.Κ;ΑΠΟ ΑΓ.ΝΙΚΟΛΑΟ 47;ΒΔ;8;0.47;5.2; ; ; ;0; ;0;0;0; ; 
1100;Μόχλος (Υπό Μελέτη);Καταφύγιο μικτής χρήσης;Σητείας;Λασιθίου;673506,4;3894892,37;1;0;1;1;1;0;0;1;0;0;Υπολιμεναρχείο Σητείας 28430 22310;ΒΟΡΕΙΑ;25,9;3,51;ΕΘΝΙΚΗ ΟΔΟΣ ΑΓ.ΝΙΚΟΛΑΟΥ-ΣΗΤΕΙΑΣ και Β.Ο.Α.Κ;ΑΠΟ ΑΓ.ΝΙΚΟΛΑΟ 41.4;ΒΔ;8;0.47;5.2;ΜΩΛΟΙ: ΠΡΟΣΗΝΕΜΟΣ 90Μ;ΚΡΗΠΙΔΩΜΑΤΑ ΜΗΚΟΥΣ 186Μ. ΧΡΗΣΙΜΟ ΒΑΘΟΣ  -3; ;5500;-5Μ;30;35;35;6~16;-2,5~-3
1079;Μπαλί;Τουριστικό καταφύγιο;Γεροποτάμου;Ρεθύμνου;571035,13;3918969,79;1;1;1;1;1;0;0;0;0;0;Λιμεναρχείο Ρεθύμνου 28310 22276, 28310 55150 VHF 12-32;ΒΟΡΕΙΑ;24,78;35,41;ΒΟΡΕΙΟΣ ΟΔΙΚΟΣ ΑΞΟΝΑΣ ΚΡΗΤΗΣ;ΑΠΟ ΡΕΘΥΜΝΟ 36;ΒΔ;8;30.13;5.2;ΠΡΟΣΗΝΕΜΟΣ  ΜΩΛΟΣ 90;ΚΡΗΠΙΔΩΜΑΤΑ ΜΗΚΟΥΣ 170,ΧΡΗΣΙΜΟΥ ΒΑΘΟΥΣ -2,5~-4,00; ;16000;-4;60;50;40;6~16;¨:-2,5~-3,5
1055;Μπάλος;Αγκυροβόλιο;Κισσάμου;Χανίων;462252,16;3937436,33;0;0;0;0;0;0;0;0;0;0; 28220 22024 / VHF 12-18;ΒΟΡΕΙΑ;23,58;35,57;ΕΠΑΡΧΙΑΚΟ ΟΔΙΚΟ ΔΙΚΤΥΟ ΠΟΥ ΣΥΝΔΕΕΤΑΙ ΜΕ Β.Ο.Α.Κ.;ΑΠΟ ΧΑΝΙΑ 70;Β;10;17.22;5.8; ; ; ;0; ;0;0;0; ; 
1070;Μπρός Γιαλός;Αγκυροβόλιο;Βάμου;Χανίων;523374,74;3919995,01;1;0;0;0;0;0;0;1;0;0;Λιμενικος Σταθμός Σούδας 28210 89240 VHF 12-18;ΒΟΡΕΙΑ;24,25;35,42;ΒΟΡΕΙΟΣ ΟΔΙΚΟΣ ΑΞΟΝΑΣ ΚΡΗΤΗΣ ΚΑΙ ΕΠΑΡΧΙΑΚΗ ΟΔΟΣ;ΑΠΟ ΧΑΝΙΑ 30;Β;8;17.22;5.8; ; ; ;0; ;0;0;0; ; 
1030;Μύρτος (Υπό Μελέτη);Τουριστικό καταφύγιο;Ιεράπετρας;Λασιθίου;644437;3874183,79;1;1;1;1;0;0;0;1;0;1;Υπολιμεναρχείο Ιεράπετρας 28420 22294 VHF 12-32;ΝΟΤΙΑ;25,58;3,50E-03;ΕΠΑΡΧΙΑΚΗ ΟΔΟΣ ΜΥΡΤΟΥ-ΙΕΡΑΠΕΤΡΑΣ;ΑΠΟ ΙΕΡΑΠΕΤΡΑ 15;Β;9;0.31;6.1; ;ΚΡΗΠΙΔΩΜΑΤΑ ΜΗΚΟΥΣ 290Μ. ΧΡΗΣΙΜΟ ΒΑΘΟΣ -3,50;2 ΜΟΝΙΜΟΙ ΜΗΚΟΥΣ 55+15=70Μ;12600;-5Μ;40;60;65;6~18;-2,5~-3,5
1124;Νέα Χώρα;Αλιευτικό Καταφύγιο και μικρό Λιμενικό Έργο;Χανίων;Χανίων;500610,37;3929953,9;1;1;1;1;1;0;1;1;1;1;Λιμεναρχείο Χανίων 2821098888, VHF12-18;ΒΟΡΕΙΑ;24;35,51;ΒΟΡΕΙΟΣ ΟΔΙΚΟΣ ΑΞΟΝΑΣ ΚΡΗΤΗΣ;0;Β;8;17.22;5.8; ;ΚΡΗΠΙΔΩΜΑΤΑ ΜΗΚΟΣ 390Μ, ΧΡΗΣΙΜΟ ΒΑΘΟΣ -2.00; ;2540; ;0;0;0;12; 
1115;Ξερόκαμπος;Αγκυροβόλιο;Λεύκης;Λασιθίου;701447,55;3878081,18;1;0;0;0;0;0;0;1;0;0;Υπολιμεναρχείο Σητείας 28430 22310;ΑΝΑΤΟΛΙΚΑ;26,2;35,02;ΣΥΝΔΕΤΗΡΙΑ ΟΔΟΣ  ΞΕΡΟΚΑΜΠΟΣ-ΖΗΡΟΣ-ΧΑΝΔΡΑΣ,ΕΘΝΙΚΗ ΟΔΟΣ ΣΗΤΕΙΑ-ΜΑΚΡΥ ΓΥΑΛΟΣ;ΑΠΟ ΑΓ.ΝΙΚΟΛΑΟ 118. ΑΠΟΣΤΑΣΗ ΑΠΌ ΣΗΤΕΙΑ 45;Β;9;0.31;6.1; ; ; ;0; ;0;0;0; ; 
1010;Όρμος Βρουλιάς;Αγκυροβόλιο;Πελεκάνου;Χανίων;461353,97;3900781,76;0;0;0;0;0;0;0;0;0;0; 28230 41214;ΔΥΤΙΚΑ;23,57;35,24;ΕΠΑΡΧΙΑΚΟ ΟΔΙΚΟ ΔΙΚΤΥΟ ΚΑΙ Β.Ο.Α.Κ.;ΑΠΌ ΧΑΝΙΑ 78;Β;9;48.38;6.2; ; ; ;0; ;0;0;0; ; 
1060;Όρμος Λυγιάς;Αγκυροβόλιο;Κισσάμου;Χανίων;460667,53;3921983,72;0;0;0;0;0;0;0;0;0;0; 28220 22024 / VHF 12-18;ΔΥΤΙΚΑ;23,56;35,44;ΕΠΑΡΧΙΑΚΟ ΟΔΙΚΟ ΔΙΚΤΥΟ ΠΟΥ ΣΥΝΔΕΕΤΑΙ ΜΕ Β.Ο.Α.Κ.;ΑΠΟ ΧΑΝΙΑ 78;Β;9;48,38;6.2; ; ; ;0; ;0;0;0; ; 
1057;Όρμος Στόμιο;Αγκυροβόλιο;Ινναχωρίου;Χανίων;458527,16;3908943,81;0;0;0;0;0;0;0;0;0;0;Λιμενικός Σταθμός Παλαιόχωρας 28230 41214;ΔΥΤΙΚΑ;23,54;35,32;ΕΠΑΡΧΙΑΚΟ ΟΔΟΣ ΧΡΥΣΟΣΚΑΛΙΤΙΣΣΑ - ΚΙΣΑΜΟΣ ΕΘΝΙΚΗ ΟΔΟΣ ΚΑΣΤΕΛΙ - ΧΑΝΙΑ;ΑΠΟ ΧΑΝΙΑ 86;Β;8;48.38;6.2; ; ; ;0; ;0;0;0; ; 
1084;Παλαιόκαστρο;Αγκυροβόλιο;Γαζίου;Ηρακλείου;594287,25;3913897,25;1;0;0;0;0;0;0;0;0;0;Λιμεναρχείο Ηρακλείου 2810 244956;ΒΟΡΕΙΑ;25,03;35,36;ΒΟΡΕΙΟΣ ΟΔΙΚΟΣ ΑΞΟΝΑΣ ΚΡΗΤΗΣ;ΑΠΟ ΗΡΑΚΛΕΙΟ 12;ΒΔ;9;28.56;5.2; ; ; ;0; ;0;0;0; ; 
1054;Παλαιόχωρα;Μαρίνα;Πελεκάνου;Χανίων;470961;3898355;1;1;1;1;1;1;1;1;0;1;Λιμενικός Σταθμός Παλαιόχωρας 28230 41214;ΝΟΤΙΑ;23,68;35,22;ΟΔΟΣ ΠΑΛΑΙΟΧΩΡΑΣ-ΜΑΛΕΜΕ-ΧΑΝΙΑ;ΑΠΟ ΧΑΝΙΑ 75;Β;9;48.38;6.2;ΜΩΛΟΙ: ΠΡΟΣΗΝΕΜΟΣ 250, ΥΠΗΝΕΜΟΣ 180;ΚΡΗΠΙΔΩΜΑΤΑ ΜΗΚΟΥΣ 470, ΧΡΗΣΙΜΑ ΒΑΘΗ -2,50 , -4,00;ΜΟΝΙΜΟΙ 3 ΜΗΚΟΥΣ 60+75+20=155;16600;:-2,5 ~ -4,00;55;90;140;10 ~ 18;-3
1011;Παναγία;Αγκυροβόλιο;Γουβών;Ηρακλείου;610280,61;3921857,27;0;0;0;0;0;0;0;0;0;0;Λιμεναρχείο Ηρακλείου 2810 244956;ΒΟΡΕΙΑ;2,52;35,43; ;7 Ν.Μ;ΒΔ;9;28.56;3.8; ; ; ;0;-55;900;0;0; ; 
1126;Πανόραμα HOTEL;Ξενοδοχειακή λιμενική εγκατάσταση;Γεροποτάμου;Ρεθύμνου;558738,17;3919466,72;1;1;1;1;1;1;0;1;0;0;Λιμεναρχείο Ρεθύμνου 28310 22276 / 28310 55150 / 28310 20377;ΒΟΡΕΙΑ;2,46;35,41;Β.Ο.Α.Κ.;ΑΠO ΡΕΘΥΜΝΟ 19;ΒΔ;9;30.13;0; ; ; ;0; ;0;0;0; ; 
1078;Πάνορμο;Καταφύγιο μικτής χρήσης;Γεροποτάμου;Ρεθύμνου;562665,53;3919417,24;1;1;1;1;1;0;0;1;0;1;Λιμεναρχείο Ρεθύμνου 28310 22276, 28310 55150 VHF 12-32;ΒΟΡΕΙΑ;24,69;35,41;ΕΘΝΙΚΗ ΟΔΟΣ ΧΑΝΙΑ - ΗΡΑΚΛΕΙΟ (ΒΟΑΚ);ΑΠΟ ΡΕΘΥΜΝΟ 25;ΒΔ;8;30.13;5.2;ΜΩΛΟΙ: ΠΡΩΣΗΝΕΜΟΣ 130, ΥΠΗΝΕΜΟΣ 50;ΚΡΗΠΙΔΩΜΑΤΑ ΜΗΚΟΥΣ 150,ΧΡΗΣΙΜΟΥ ΒΑΘΟΥΣ -1,50~-3,00; ;7600;-3;40;40;35;4~12;:-1~-2,5
1114;Παντάνασσα;Καταφύγιο μικτής χρήσης;Γαζίου;Ηρακλείου;594597,25;3912557,13;1;1;1;1;1;0;1;0;0;0;Λιμεναρχείο Ηρακλείου 2810 244956;ΒΟΡΕΙΑ;25,04;35,35;ΕΘΝΙΚΗ ΟΔΟΣ ΗΡΑΚΛΕΙΟΥ - ΡΕΘΥΜΝΟΥ (ΒΟΑΚ);ΑΠΟ ΗΡΑΚΛΕΙΟ 10;ΒΔ;9;28.56;5.2;ΠΡΟΣΗΝΕΜΟΣ ΜΩΛΟΣ 230Μ, ΥΠΗΝΕΜΟΣ 130Μ;ΚΡΗΠΙΔΩΜΑΤΑ ΜΗΚΟΣ 335Μ, ΧΡΗΣΙΜΟ ΒΑΘΟΣ -2.00 ~-5.50;2 ΜΗΚΟΥΣ 104Μ, 1 ΜΗΚΟΥΣ 33Μ;12200;-2~-5.5;30;25;85;8~20;-2 ~4.00
1012;Παχιά ’μμος;Καταφύγιο μικτής χρήσης;Ιεράπετρας;Λασιθίου;664341,05;3886503,28;1;1;1;1;0;0;1;1;0;0;Λιμεναρχείο Αγ Νικολάου 28410 90108 / 28420 93354;ΒΟΡΕΙΑ;25,8;3,51;ΕΘΝΙΚΗ ΟΔΟΣ ΣΗΤΕΙΑΣ-ΑΓ.ΝΙΚΟΛΑΟΥ και Β.Ο.Α.Κ;ΑΠΟ ΑΓ.ΝΙΚΟΛΑΟ 21;ΒΔ;9;0.28;4;ΜΩΛΟΙ: ΠΡΟΣΗΝΕΜΟΣ 130Μ;ΚΡΗΠΙΔΩΜΑΤΑ ΜΗΚΟΥΣ 120Μ. ΧΡΗΣΙΜΟ ΒΑΘΟΣ  -1,5~-3;2 ΑΝΤΙΠΡΟΣΩΠΕΥΤΙΚΟΙ ΒΡΑΧΙΟΝΕΣ 40Μ;10000; -3~-3,5;40;60;48;6~16;-2~-3
1081;Πέρα Γαλήνοι;Αγκυροβόλιο;Γεροποτάμου;Ρεθύμνου;583554,26;3917949,34;0;0;0;0;0;0;0;0;0;0;Λιμεναρχείο Ηρακλείου 2810 244956;ΒΟΡΕΙΑ;24,92;35,4;ΒΟΡΕΙΟΣ ΟΔΙΚΟΣ ΑΞΟΝΑΣ ΚΡΗΤΗΣ;ΑΠΟ ΗΡΑΚΛΕΙΟ 24;ΒΔ;8;30,13;5.2; ; ; ;0; ;0;0;0; ; 
1076;Πέτρες;Αλιευτικό Καταφύγιο και μικρό Λιμενικό Έργο;Νικηφόρου Φωκά;Ρεθύμνου;533445,27;3912470,94;1;0;0;0;0;0;0;0;0;0;Λιμεναρχείο Ρεθύμνου 28310 22276, 28310 55150 VHF 12-32;ΒΟΡΕΙΑ;24,36;3,53; ΚΑΤΑ ΜΗΚΟΣ ΤΗΣ ΑΚΤΗΣ ΟΔΕΥΕΙ Ο ΒΟΑΚ ΤΜΗΜΑ ΡΕΘΥΜΝΟ- ΧΑΝΙΑ, ΜΕ ΤΟΝ ΟΠΟΙΟ ΣΥΝΔΕΕΤΑΙ ΜΕΣΟ ΤΗΣ ΚΑΤΩ ΔΙΑΒΑΣΗΣ ΤΗΣ ΕΠΑΡΧΙΑΚΗ ΟΔΟΥ ΠΡΟΣ ΤΟΝ ΟΙΚΙΣΜΟ ΠΕΤΡΕ;ΑΠΟ ΡΕΘΥΜΝΟ 12;ΒΔ;8;0;5; ; ; ;0; ;0;0;0; ; 
1095;Πλάκα;Αλιευτικό Καταφύγιο και μικρό Λιμενικό Έργο;Αγίου Νικολάου;Λασιθίου;656951,26;3907083,05;1;1;1;1;0;0;0;1;0;0;Λιμεναρχείο Αγ Νικολάου 28410 90108;ΒΟΡΕΙΑ;25,72;35,29;ΕΠΑΡΧΙΑΚΗ ΟΔΟΣ ΒΡΟΥΧΑΣ-ΕΛΟΥΝΤΑ-ΑΓ.ΝΙΚΟΛΑΟΣ ΚΑΙ ΕΘΝΙΚΗ ΟΔΟΣ ΑΓ.ΝΙΚΟΛΑΟΣ-ΗΡΑΚΛΕΙΟ;ΑΠΟ ΑΓ.ΝΙΚΟΛΑΟ 14;ΒΔ;9;28.5;4.2; ;ΚΡΗΠΙΔΩΜΑ ΠΡΟΣΕΓΓΙΣΗΣ ΣΚΑΦΩΝΣΤΗ ΝΔ ΑΚΤΗ ΤΗΣ Ν.ΣΠΙΝΑΛΟΓΚΑΣ;ΠΡΟΒΛΗΤΑ ΠΛΑΚΑΣ ΜΗΚΟΥΣ 20, ΠΛΑΤΟΥΣ 15, ΜΕ ΚΡΗΠΙΔΩΜΑΤΑ ΧΡΗΣΙΜΟΥ ΒΑΘΟΥΣ -2,50;0; ;0;0;0; ; 
1046;Πλακιάς (Υπό Μελέτη);Τουριστικό καταφύγιο;Φοίνικα;Ρεθύμνου;535638,89;3893870,37;1;1;1;1;1;0;0;1;0;1;Υπολιμεναρχείο Αγίας Γαλήνης 28320 91206/VHF 12;ΝΟΤΙΑ;24,39;35,18;ΕΠΑΡΧΙΑΚΗ ΟΔΟΣ ΡΕΘΥΜΝΟΥ- ΑΓΙΑΣ ΓΑΛΗΝΗΣ;ΑΠΟ ΡΕΘΥΜΝΟ 40;Β;9;31.74;6; ;ΕΣΩΤΕΡΙΚΟ ΚΡΗΠΙΔΩΜΑ ΜΗΚΟΥΣ 110,ΧΡΗΣΙΜΟΥ ΒΑΘΟΥΣ-1,50~ -3,00;ΠΡΟΒΛΗΤΑ ΜΗΚΟΥΣ 90;0; ;0;0;12;8~16;-3,5
1065;Πλατανιάς;Καταφύγιο μικτής χρήσης;Πλατανιά;Χανίων;491827,41;3930434,26;1;1;1;1;1;0;1;1;0;1;Λιμεναρχείο Χανίων 28210 98888, VHF 12-18;ΒΟΡΕΙΑ;23,9;35,51;ΕΘΝΙΚΗ ΟΔΟΣ ΚΑΣΤΕΛΙ-ΧΑΝΙΑ-ΗΡΑΚΛΕΙΟ;ΑΠΟ ΧΑΝΙΑ11;Β;8;17.82;4.6;ΜΩΛΟΙ: ΠΡΟΣΗΝΕΜΟΣ 220, ΥΠΗΝΕΜΟΣ 140;ΚΡΗΠΙΔΩΜΑΤΑ ΜΗΚΟΥΣ 100, ΧΡΗΣΙΜΟΥ ΒΑΘΟΥΣ -1,00 ~ -2,50; ;11400; ;25;40;25;4~12;:-1,00 ~ -2,50
1107;Πλάτανος;Αλιευτικό Καταφύγιο και μικρό Λιμενικό Έργο;Κισσάμου;Χανίων;460597,48;3925955,98;1;1;1;1;0;0;0;1;0;0;Λιμενικός Σταθμός Παλαιόχωρας 28230 41214;ΔΥΤΙΚΑ;23,56;35,47;ΕΠΑΡΧΙΑΚΟ ΟΔΙΚΟ ΔΙΚΤΥΟ ΠΟΥ ΣΥΝΔΕΕΤΑΙ ΜΕ Β.Ο.Α.Κ.;ΑΠΟ ΧΑΝΙΑ 50;Β;10;17.22;5.8; ; ; ;0; ;0;0;0; ; 
1013;Πλατιά Περάματα (Υπό Μελέτη);Καταφύγιο μικτής χρήσης;Μοιρών;Ηρακλείου;576839,96;3866490,49;1;0;0;0;0;0;0;0;0;0;Λιμενικός Σταθμός Καλών Λιμένων 28920 97500;ΝΟΤΙΑ;24,84;3,49;ΣΥΝΔΕΤΗΡΙΟΣ ΠΛΑΤΕΙΑ ΠΕΡΑΜΑΤΑ-ΜΟΙΡΕΣ ΕΘΝΙΚΗ ΟΔΟΣ ΗΡΑΚΛΕΙΟ-ΜΟΙΡΕΣ;70;Β;9;31.74;6.3; ;ΧΡΗΣΙΜΟ ΒΑΘΟΣ -3.00 ~-4.00; ;10000; ;0;0;70;6~18;-2.5 ~-3.5
1097;Πόρος;Αγκυροβόλιο;Αγίου Νικολάου;Λασιθίου;657708,96;3902316,85;1;1;0;1;1;0;0;0;0;0;Λιμεναρχείο Αγ Νικολάου 28410 90108;ΒΟΡΕΙΑ;25,73;35,25;ΕΠΑΡΧΙΑΚΗ ΟΔΟΣ ΑΓ.ΝΙΚΟΛΑΟΥ-ΕΛΟΥΝΤΑΣ;ΑΠΟ ΑΓ.ΝΙΚΟΛΑΟ 10.5;ΒΔ;9;0.29;4.08; ; ; ;0;0;0;0;0;0;0
1044;Πρέβελη;Αγκυροβόλιο;Φοίνικα;Ρεθύμνου;543046,79;3889734,42;0;0;0;0;0;0;0;1;0;0;Υπολιμεναρχείο Αγίας Γαλήνης 28320 91206/VHF 12;ΝΟΤΙΑ;24,47;35,14;ΕΠΑΡΧΙΑΚΟ ΟΔΙΚΟ ΔΙΚΤΥΟ;ΑΠΟ ΡΕΘΥΜΝΟ 40;Β;9;31.74;6.2; ; ; ;0; ;0;0;0; ; 
1009;Ραβδούχα;Αλιευτικό Καταφύγιο και μικρό Λιμενικό Έργο;Κολυμπαρίου;Χανίων;475228,6;3933416,69;1;1;1;1;0;0;0;1;0;0; 28220 22024 / VHF 12-18;ΒΟΡΕΙΑ;23,72;35,54;ΕΠΑΡΧΙΑΚΟ ΟΔΙΚΟ ΔΙΚΤΥΟ ΚΑΙ Β.Ο.Α.Κ.;ΑΠΌ ΧΑΝΙΑ 35;ΒΔ;0;0;0; ; ;1 ΜΗΚΟΥΣ 60;0; ;0;0;15; ; 
1077;Ρέθυμνο;Μαρίνα;Ρεθύμνου;Ρεθύμνου;543224,4;3914144,85;1;1;1;1;1;1;1;1;1;1;Λιμεναρχείο Ρεθύμνου 28310 22276, 28310 55150 VHF 12-32;ΒΟΡΕΙΑ;24,47;35,36;ΒΟΡΕΙΟΣ ΟΔΙΚΟΣ ΑΞΟΝΑΣ ΚΡΗΤΗΣ;ΑΠΟ ΡΕΘΥΜΝΟ 0;ΒΔ;9;30.13;0;ΕΥΡΥΤΕΡΟΥ ΛΙΜΕΝΟΣ ΡΕΘΥΜΝΟΥ;ΚΡΗΠΙΔΩΜΑΤΑ ΜΗΚΟΥΣ 480,ΧΡΗΣΙΜΟΥ ΒΑΘΟΥΣ -3,5;ΠΛΩΤΟΙ: 2ΜΉΚΟΥΣ 2*140=280, ΑΝΑΠΤΥΓΜΑ ΚΡΗΠΙΔ.560;45900;-3,5;40;50;128;10~20;-3
1085;Ρογδιά;Αγκυροβόλιο;Γαζίου;Ηρακλείου;595083,36;3911822,76;1;1;1;1;0;0;1;1;0;0;Λιμεναρχείο Ηρακλείου 2810 244956;ΒΟΡΕΙΑ;25,04;35,34;ΒΟΡΕΙΟΣ ΟΔΙΚΟΣ ΑΞΟΝΑΣ ΚΡΗΤΗΣ;ΑΠΟ ΗΡΑΚΛΕΙΟ 10;ΒΔ;9;28.56;5.2; ; ; ;0; ;0;0;0; ; 
1047;Ροδάκινο;Αλιευτικό Καταφύγιο και μικρό Λιμενικό Έργο;Φοίνικα;Ρεθύμνου;528618,32;3893583,59;1;1;1;0;0;0;0;0;0;1;Υπολιμεναρχείο Αγίας Γαλήνης 28320 91206/VHF 12;ΝΟΤΙΑ;24,31;35,18;ΕΠΑΡΧΙΑΚΗ ΟΔΟΣ ΡΕΘΥΜΝΟΥ-ΑΣΩΜΑΤΟΣ-ΣΕΛΙΑ- ΧΩΡΑ ΣΦΑΚΙΩΝ;ΑΠΟ ΡΕΘΥΜΝΟ 50;Β;9;31,74;6;ΠΡΟΣΗΝΕΜΟΣ ΜΩΛΟΣ 80; ; ;0; ;20;0;0; ;΄-1,50 ~ -2,00
1014;Σαρακήνικο;Αγκυροβόλιο;Κ. Γαύδου;Χανίων;510000,44;3857493,19;0;0;0;0;0;0;0;0;0;0; 28250 91292 / Γαύδος 28230 41101;ΝΟΤΙΑ;24,1;34,85; ;ΑΠΟ ΣΦΑΚΙΑ 26 Ν.Μ;Β;0;0;0; ; ; ;0; ;0;0;0; ; 
1104;Σητεία;Μαρίνα;Σητείας;Λασιθίου;691792,44;3897856,45;1;1;1;1;1;1;1;1;1;1;Υπολιμεναρχείο Σητείας 28430 22310;ΒΟΡΕΙΑ;26,1;35,2;ΟΔΟΣ ΣΗΤΕΙΑ-ΑΓ.ΝΙΚΟΛΑΟΣ;ΑΠΟ ΑΓ.ΝΙΚΟΛΑΟ 73;ΒΔ;8;0.47;2.4;ΜΩΛΟΙ: ΠΡΟΣΗΝΕΜΟΣ 350Μ. ΥΠΗΝΕΜΟΣ 270Μ;ΚΡΗΠΙΔΩΜΑΤΑ ΜΗΚΟΥΣ 870Μ. ΧΡΗΣΙΜΟ ΒΑΘΟΣ -2~-3,50; ;55500;-3Μ;45;60;128;10~18;-3
1093;Σίσι;Καταφύγιο μικτής χρήσης;Νεάπολης;Λασιθίου;638014,61;3907998,34;1;1;1;1;1;0;1;1;0;0;Λιμεναρχείο Αγ Νικολάου 28410 90108;ΒΟΡΕΙΑ;25,51;35,3;ΕΘΝΙΚΗ ΟΔΟΣ Ε-75;ΑΠΟ ΑΓ.ΝΙΚΟΛΑΟ 24,7;ΒΔ;9;0.29;6.4;ΜΩΛΟΙ: ΠΡΟΣΗΝΕΜΟΣ 160Μ;ΚΡΗΠΙΔΩΜΑΤΑ ΜΗΚΟΥΣ 190Μ. ΧΡΗΣΙΜΟ ΒΑΘΟΣ  -2~-3; ;13500; -3~-7;50;45;45;6~16;-2~-2,50
1109;Σκαλέτα (Υπό Μελέτη);Καταφύγιο μικτής χρήσης;Αρκαδίου;Ρεθύμνου;555944,06;3916824,78;1;1;1;1;1;0;0;1;0;0;Λιμεναρχείο Ρεθύμνου 28310 22276, 28310 55150 VHF 12-32;ΒΟΡΕΙΑ;2,46;35,39;ΒΟΡΕΙΟΣ ΟΔΙΚΟΣ ΑΞΟΝΑΣ ΚΡΗΤΗΣ;ΑΠΟ ΡΕΘΥΜΝΟ 13;Β;9;31,74;6.1;ΜΩΛΟΙ: ΠΡΟΣΗΝΕΜΟΣ 370Μ. ΥΠΗΝΕΜΟΣ 80Μ;ΚΡΗΠΙΔΩΜΑΤΑ ΜΗΚΟΥΣ 520Μ. ΧΡΗΣΙΜΟ ΒΑΘΟΣ -3,50;ΠΡΟΒΛΗΤΑ ΠΛΩΤΗ 50Μ;24000;-3,50Μ;50;40;112;10~20;-3
1052;Σούγια;Αλιευτικό Καταφύγιο και μικρό Λιμενικό Έργο;Ανατολικού Σελίνου;Χανίων;482587,15;3900181,79;1;0;1;1;0;0;0;1;1;0;Λιμενικός Σταθμός Παλαιόχωρας 28230 41214;ΝΟΤΙΑ;23,8;35,24;ΕΠΑΡΧΙΑΚΟ ΟΔΙΚΟ ΔΙΚΤΥΟ;ΑΠΟ ΧΑΝΙΑ 90;Β;9;48.38;6; ; ; ;0; ;0;0;0; ; 
1015;Σούδα;Καταφύγιο μικτής χρήσης;Σούδας;Χανίων;506564,72;3926980,82;1;1;1;1;1;1;1;1;1;1;Λιμεναρχείο Σούδας, 28210 89240 VHF 12-18;ΒΟΡΕΙΑ;24,07;35,48;ΒΟΡΕΙΟΣ ΟΔΙΚΟΣ ΑΞΟΝΑΣ ΚΡΗΤΗΣ;ΑΠΟ ΧΑΝΙΑ 6;Δ;10;17,5;0; ;ΚΡΗΠΙΔΩΜΑΤΑ ΜΗΚΟΥΣ 550Μ. ΧΡΗΣΙΜΟ ΒΑΘΟΣ  -2,50 ~ -4; ;11200; ;0;0;30;25; 
1090;Σταλίδα;Αγκυροβόλιο;Μαλλίων;Ηρακλείου;629588,19;3906664,76;1;1;0;0;0;0;0;1;0;0;Λιμεναρχείο Ηρακλείου 2810 244956;ΒΟΡΕΙΑ;25,42;35,29;ΒΟΡΕΙΟΣ ΟΔΙΚΟΣ ΑΞΟΝΑΣ ΚΡΗΤΗΣ;ΑΠΟ ΗΡΑΚΛΕΙΟ 31.5;ΒΔ;9;28.56;4.8; ; ; ;0;-5;15500;0;0; ; 
1069;Σταυρός;Αλιευτικό Καταφύγιο και μικρό Λιμενικό Έργο;Ακρωτηρίου;Χανίων;508485,05;3938347,27;1;0;1;1;0;0;1;0;1;0;Λιμεναρχείο Χανίων 28210 98888, VHF 12-18;ΒΟΡΕΙΑ;24,09;35,58;ΕΠΑΡΧΙΑΚΟ ΟΔΙΚΟ ΔΙΚΤΥΟ ΧΑΝΙΩΝ-ΣΤΑΥΡΟΣ;ΑΠΟ ΧΑΝΙΑ 12;Β;9;17,22;5.8; ; ; ;0; ;0;0;0; ; 
1016;Σφηνάρι (Υπό Μελέτη);Τουριστικό καταφύγιο;Κισσάμου;Χανίων;460308,88;3919801,34;1;1;0;0;0;0;0;0;0;0;28220 22024 / VHF 12-18;ΔΥΤΙΚΑ;23,56;35,42;ΕΠΑΡΧΙΑΚΟ ΟΔΙΚΟ ΔΙΚΤΥΟ ΠΟΥ ΣΥΝΔΕΕΤΑΙ ΜΕ Β.Ο.Α.Κ.;ΑΠΟ ΧΑΝΙΑ 79;Β;9;48.38;6.2;ΠΡΟΣΗΝΕΜΟΣ ΜΩΛΟΣ 81;ΚΡΗΠΙΔΩΜΑΤΑ ΜΗΚΟΥΣ 180Μ. ΧΡΗΣΙΜΟ ΒΑΘΟΣ  -2,50 ~ -5; ;2000;2;25;30;45;6~12;-2,5
1141;Τέντα;Αγκυροβόλιο;Ιτάνου;Λασιθίου;707256,91;3907152,37;0;0;0;0;0;0;0;0;0;0;Υπολιμεναρχείο Σητείας 28430 22310;ΒΟΡΕΙΑ;26,15;35,19;ΒΟΡΕΙΟΣ ΟΔΙΚΟΣ ΑΞΟΝΑΣ ΚΡΗΤΗΣ ΚΑΙ ΕΠΑΡΧΙΑΚΟ ΟΔΙΚΟ ΔΙΚΤΥΟ;ΑΠΟ ΣΗΤΕΙΑ 25;ΒΔ;8;0.47;5.2; ; ; ;0; ;0;0;0; ; 
1146;Τέρτσα;Αγκυροβόλιο;Βιάννου;Ηρακλείου;639630,55;3872705,69;1;0;1;1;1;0;0;1;0;0;Υπολιμεναρχείο Ιεράπετρας 28420 22294 VHF 12-32;ΝΟΤΙΑ;25,49;34,98;ΕΠΑΡΧΙΑΚΗ ΟΔΟΣ ΙΕΡΑΠΕΤΡΑ-ΒΙΑΝΝΟΥ-ΗΡΑΚΛΕΙΟΥ;ΑΠΟ ΑΓΙΟ ΝΙΚΟΛΑΟ 40;ΒΔ;9;28.5;4; ; ; ;0;0;0;0;0;0;0
1120;Τράχηλος;Αγκυροβόλιο;Κισσάμου;Χανίων;464154,82;3936033,14;0;0;0;0;0;0;0;0;0;0;Λιμεναρχείο Χανίων 2821098888, VHF12-18;ΒΟΡΕΙΑ;23,6;35,56;ΕΠΑΡΧΙΑΚΟ ΟΔΙΚΟ ΔΙΚΤΥΟ ΚΑΙ Β.Ο.Α.Κ.;ΑΠΌ ΧΑΝΙΑ 65;ΒA;0;0;0; ; ; ;0; ;0;0;0; ; 
1034;Τρεις Εκκλησιές;Αγκυροβόλιο;Αστερουσίων;Ηρακλείου;603709,92;3868241,68;1;0;1;1;0;0;0;0;0;0;Λιμενικός Σταθμός Καλών Λιμένων 28920 97500;ΝΟΤΙΑ;25,13;34,95;ΕΠΑΡΧΙΑΚΟ ΟΔΙΚΟ ΔΙΚΤΥΟ;ΑΠΟ ΗΡΑΚΛΕΙΟ 64;Β;10;36,48;6.2; ; ; ;0; ;0;0;0; ; 
1118;Τρυπητή;Αγκυροβόλιο;Κόφινα;Ηρακλείου;589457,52;3865858,23;0;0;0;0;0;0;0;0;0;0;Λιμενικός Σταθμός Καλών Λιμένων 28920 97500;ΝΟΤΙΑ;24,97;34,93;ΕΘΝΙΚΗ ΟΔΟΣ Ε-97 ΗΡΑΚΛΕΙΟ - ΜΟΙΡΕΣ;ΑΠΟ ΗΡΑΚΛΕΙΟ 62;Β;9;31.74;6.3; ; ; ;0; ;0;0;0; ; 
1032;Τσούτσουρος;Τουριστικό καταφύγιο;Αρκαλοχωρίου;Ηρακλείου;617274,46;3871917,68;1;1;1;1;1;0;1;1;0;0;Υπολιμεναρχείο Ιεράπετρας 28420 22294 VHF 12-32;ΝΟΤΙΑ;25,28;34,98;ΕΠΑΡΧΙΑΚΟ ΟΔΙΚΟ ΔΙΚΤΥΟ;ΑΠΟ ΗΡΑΚΛΕΙΟ 62;Β;10;36.48;6.2;ΠΡΟΣΗΝΕΜΟΣ ΜΩΛΟΣ 230Μ, ΥΠΗΝΕΜΟΣ 50Μ;ΚΡΗΠΙΔΩΜΑΤΑ ΜΗΚΟΣ 275Μ, ΧΡΗΣΙΜΟ ΒΑΘΟΣ -2.00 ~-3.00;1 ΜΟΝΙΜΟΣ ΜΗΚΟΥΣ 40Μ;6500;-3;25;35;70;8~16;-2 ~-3
1059;Φαλάσαρνα;Αγκυροβόλιο;Κισσάμου;Χανίων;460674,28;3929241,89;0;0;0;0;0;0;0;0;0;0; 28220 22024 / VHF 12-18;ΔΥΤΙΚΑ;23,56;3,55;ΕΠΑΡΧΙΑΚΟ ΟΔΙΚΟ ΔΙΚΤΥΟ ΠΟΥ ΣΥΝΔΕΕΤΑΙ ΜΕ Β.Ο.Α.Κ.;ΑΠΟ ΧΑΝΙΑ 55;Β;10;17.22;5.8; ; ; ;0; ;0;0;0; ; 
1027;Φέρμα;Αλιευτικό Καταφύγιο και μικρό Λιμενικό Έργο;Ιεράπετρας;Λασιθίου;669104,3;3876166,4;1;1;1;1;0;0;0;0;0;0;Υπολιμεναρχείο Ιεράπετρας 28420 22294 VHF 12-32;ΝΟΤΙΑ;25,85;3,5;ΟΔΟΣ ΣΗΤΕΙΑ-ΙΕΡΑΠΕΤΡΑ-ΠΑΧΕΙΑ ΑΜΜΟΣ ΚΑΙ ΕΘΝΙΚΗ ΟΔΟΣ ΠΑΧΕΙΑ ΑΜΜΟΣ-ΑΓ.ΝΙΚΟΛΑΟΣ;ΑΠΟ ΑΓΙΟ ΝΙΚΟΛΑΟ 49 - ΑΠΟ ΙΕΡΑΠΕΤΡΑ 12;ΒΔ;9;31.74;6.1; ; ; ;0; ;0;0;0; ; 
1082;Φόδελε (Υπό Μελέτη);Ξενοδοχειακή λιμενική εγκατάσταση;Γαζίου;Ηρακλείου;586838,87;3917855,25;1;0;1;1;1;1;0;1;0;0;Λιμεναρχείο Ηρακλείου 2810 244956;ΒΟΡΕΙΑ;24,95;35,4;ΕΘΝΙΚΗ ΟΔΟΣ Ε-75;ΑΠΟ ΗΡΑΚΛΕΙΟ 22.8;ΒΔ;9;28.5;4;ΠΡΟΣΗΝΕΜΟΣ ΜΩΛΟΣ 120Μ, ΥΠΗΝΕΜΟΣ 45Μ;ΚΡΗΠΙΔΩΜΑΤΑ ΜΗΚΟΣ 200Μ, ΧΡΗΣΙΜΟ ΒΑΘΟΣ -2.00 ~-3.50; ;6200;-3;35;35;40;6~16;-2 ~-3.5
1048;Φραγκοκάστελλο;Αλιευτικό Καταφύγιο και μικρό Λιμενικό Έργο;Σφακίων;Χανίων;521133,65;3892657,06;1;1;0;1;0;0;0;1;0;0;Υπολιμεναρχείο Χώρας Σφακίων 28250 91292;ΝΟΤΙΑ;24,23;35,17;ΕΠΑΡΧΙΑΚΗ ΟΔΟΣ ΧΩΡΑ ΣΦΑΚΙΩΝ-ΧΑΝΙΩΝ;ΑΠΟ ΧΑΝΙΑ 78;Β;9;48.38;6.2; ; ; ;0; ;0;0;0; ; 
1067;Χανιά;Μαρίνα;Χανίων;Χανίων;501903,02;3930407,57;1;1;1;1;1;1;1;1;1;1;Λιμεναρχείο Χανίων 28210 98888, VHF 12-18;ΒΟΡΕΙΑ;2,4;35,51;ΒΟΡΕΙΟΣ ΟΔΙΚΟΣ ΑΞΟΝΑΣ ΚΡΗΤΗΣ;0;Β;8;17.22;5.8;ΠΡΟΣΗΝΕΜΟΣ ΜΩΛΟΣ 600;ΚΡΗΠΙΔΩΜΑΤΑ ΜΗΚΟΥΣ 1100, ΧΡΗΣΙΜΟΥ ΒΑΘΟΥΣ -2,00 ~ -4,00;ΜΟΝΙΜΟΙ 2 ΔΙΑΣΤΑΣΕΩΣ 50+60=110, ΠΛΩΤΟΙ 3 ΜΗΚΟΥΣ 60+60+40=160;49900; ;45;50;300;10 ~ 20;:-2.00 ~ -3.50
1089;Χερσόνησος;Καταφύγιο μικτής χρήσης;Χερσονήσου;Ηρακλείου;626416,08;3909332,17;1;1;1;1;1;0;1;1;0;1;Λιμεναρχείο Ηρακλείου 2810 244956;ΒΟΡΕΙΑ;25,39;35,31;ΕΘΝΙΚΗ ΟΔΟΣ ΗΡΑΚΛΕΙΟΥ-ΑΓ.ΝΙΚΟΛΑΟΥ ΒΟΑΚ;ΑΠΟ ΗΡΑΚΛΕΙΟ 23;ΒΔ;8;30.13;4.8;ΠΡΟΣΗΝΕΜΟΣ ΜΩΛΟΣ 218Μ;ΚΡΗΠΙΔΩΜΑΤΑ ΜΗΚΟΣ 340Μ, ΧΡΗΣΙΜΟ ΒΑΘΟΣ -1.50 ~-3.00; ;13000;-2~-3.5;0;0;70;6~12;-1 ~-2.50
1088;Χερσόνησος (Ορμος);Αγκυροβόλιο;Χερσονήσου;Ηρακλείου;625764,02;3910760,09;0;0;0;0;0;0;0;1;0;0;Λιμεναρχείο Ηρακλείου 2810 244956;ΒΟΡΕΙΑ;25,38;35,33;ΒΟΡΕΙΟΣ ΟΔΙΚΟΣ ΑΞΟΝΑΣ ΚΡΗΤΗΣ;ΑΠΟ ΗΡΑΚΛΕΙΟ 23;ΒΔ;8;30.13;4.8; ; ; ;0; ;0;0;0; ; 
1017;Χρυσή;Αγκυροβόλιο;Ιεράπετρας;Λασιθίου;657111,7;3859859,64;0;0;0;0;0;0;0;0;0;0;Υπολιμεναρχείο Ιεράπετρας 28420 22294 VHF 12-32;ΝΟΤΙΑ;25,71;3,48; ; ;Β;9;0.31;6.2; ; ;1 ΜΗΚΟΥΣ 20Μ;0; ;0;0;0; ; 
1056;Χρυσοσκαλίτισα;Καταφύγιο μικτής χρήσης;Ινναχωρίου;Χανίων;457283,89;3907734,74;1;1;0;0;0;0;0;0;0;0;Λιμενικός Σταθμός Παλαιόχωρας 28230 41214;ΔΥΤΙΚΑ;23,53;35,31;ΕΠΑΡΧΙΑΚΟ ΟΔΟΣ ΧΡΥΣΟΣΚΑΛΙΤΙΣΣΑ - ΚΙΣΑΜΟΣ ΕΘΝΙΚΗ ΟΔΟΣ ΚΑΣΤΕΛΙ - ΧΑΝΙΑ;ΑΠΟ ΧΑΝΙΑ 92;Β;8;48.38;6.2; ; ; ;0; ;0;0;0; ; 
1049;Χώρα Σφακίων;Καταφύγιο μικτής χρήσης;Σφακίων;Χανίων;512207,32;3894970,69;1;1;1;1;1;1;1;1;0;1;Υπολιμεναρχείο Χώρας Σφακίων 28250 91292;ΝΟΤΙΑ;24,13;35,19;ΕΠΑΡΧΙΑΚΗ ΟΔΟΣ ΧΩΡΑ ΣΦΑΚΙΩΝ-ΒΡΥΣΣΕΣ ΚΑΙ Β.Ο.Α.Κ.;ΑΠΟ ΧΑΝΙΑ 75;Β;9;48.38;6.2;ΠΡΟΣΗΝΕΜΟΣ ΜΩΛΟΣ 70;ΚΡΗΠΙΔΩΜΑΤΑ ΜΗΚΟΥΣ 90, ΧΡΗΣΙΜΟΥ ΒΑΘΟΥΣ -2,50 ~ -4,00; ;1500;-5;0;0;20;6~24;:-2,00 ~ -4,00
1018;Ψαρή Φοράδα;Αγκυροβόλιο;Βιάννου;Ηρακλείου;636500,05;3872022,59;1;0;0;0;0;0;0;1;0;0;Υπολιμεναρχείο Ιεράπετρας 28420 22294 VHF 12-32;ΝΟΤΙΑ;25,49;34,98;ΕΠΑΡΧΙΑΚΗ ΟΔΟΣ ΙΕΡΑΠΕΤΡΑ-ΒΙΑΝΝΟΥ-ΗΡΑΚΛΕΙΟΥ;85;ΒΔ;9;28.5;4;ΠΡΟΣΗΝΕΜΟΣ ΜΩΛΟΣ 81; ; ;2000;2;25;30;45;6~13;-1,5
1101;Ψείρα;Αγκυροβόλιο;Σητείας;Λασιθίου;669604,9;3891610,69;0;0;0;0;0;0;0;0;0;0;Υπολιμεναρχείο Σητείας 28430 22310;ΒΟΡΕΙΑ;2,58;35,15;ΣΥΝΔΕΤΗΡΙΑ ΟΔΟΣ  ΜΟΧΛΟΣ- ΕΘΝΙΚΗ ΟΔΟΣ -Β.Ο.Α.Κ;ΑΠΟ ΑΓ.ΝΙΚΟΛΑΟ 41,4;ΒΔ;8;0.47;5.2; ; ; ;0;0;0;0;0;0;0
